Timestamp,Container,CPU%,Memory Usage
2024-07-01 15:31:18,docker_detector_1,0.11,184.7MiB 
2024-07-01 15:31:18,docker_combiner_1,0.09,40.43MiB 
2024-07-01 15:31:18,docker_extractor_1,0.09,48.18MiB 
2024-07-01 15:31:18,docker_minion_1,0.10,26.11MiB 
2024-07-01 15:31:18,docker_controller_1,0.09,25.72MiB 
2024-07-01 15:31:18,docker_pgbouncer_1,0.01,1.316MiB 
2024-07-01 15:31:18,docker_postgres_1,0.01,32.89MiB 
2024-07-01 15:31:18,docker_cache_1,0.13,2.398MiB 
2024-07-01 15:31:30,docker_detector_1,0.21,184.7MiB 
2024-07-01 15:31:30,docker_combiner_1,0.18,40.43MiB 
2024-07-01 15:31:30,docker_extractor_1,111.44,93.43MiB 
2024-07-01 15:31:30,docker_minion_1,0.17,26.11MiB 
2024-07-01 15:31:30,docker_controller_1,0.19,25.72MiB 
2024-07-01 15:31:30,docker_pgbouncer_1,0.02,1.316MiB 
2024-07-01 15:31:30,docker_postgres_1,0.04,34.61MiB 
2024-07-01 15:31:30,docker_cache_1,15.49,706.9MiB 
2024-07-01 15:31:43,docker_detector_1,221.01,424.4MiB 
2024-07-01 15:31:43,docker_combiner_1,0.17,40.43MiB 
2024-07-01 15:31:43,docker_extractor_1,0.29,78.92MiB 
2024-07-01 15:31:43,docker_minion_1,0.15,26.15MiB 
2024-07-01 15:31:43,docker_controller_1,0.18,25.8MiB 
2024-07-01 15:31:43,docker_pgbouncer_1,0.02,1.316MiB 
2024-07-01 15:31:43,docker_postgres_1,2.33,35.71MiB 
2024-07-01 15:31:43,docker_cache_1,72.42,1009MiB 
2024-07-01 15:31:56,docker_detector_1,714.76,635.5MiB 
2024-07-01 15:31:56,docker_combiner_1,0.18,40.43MiB 
2024-07-01 15:31:56,docker_extractor_1,0.39,78.92MiB 
2024-07-01 15:31:56,docker_minion_1,0.24,26.15MiB 
2024-07-01 15:31:56,docker_controller_1,0.33,25.79MiB 
2024-07-01 15:31:56,docker_pgbouncer_1,0.03,1.316MiB 
2024-07-01 15:31:56,docker_postgres_1,0.05,35.52MiB 
2024-07-01 15:31:56,docker_cache_1,93.04,1004MiB 
2024-07-01 15:32:08,docker_detector_1,494.08,820.2MiB 
2024-07-01 15:32:08,docker_combiner_1,35.44,119.3MiB 
2024-07-01 15:32:08,docker_extractor_1,0.35,78.92MiB 
2024-07-01 15:32:08,docker_minion_1,5.79,26.16MiB 
2024-07-01 15:32:08,docker_controller_1,3.75,25.82MiB 
2024-07-01 15:32:08,docker_pgbouncer_1,1.88,1.316MiB 
2024-07-01 15:32:08,docker_postgres_1,1.68,35.53MiB 
2024-07-01 15:32:08,docker_cache_1,0.28,1002MiB 
2024-07-01 15:32:20,docker_detector_1,791.96,852.9MiB 
2024-07-01 15:32:20,docker_combiner_1,0.26,45.8MiB 
2024-07-01 15:32:20,docker_extractor_1,0.47,86.16MiB 
2024-07-01 15:32:20,docker_minion_1,0.27,26.18MiB 
2024-07-01 15:32:20,docker_controller_1,0.33,25.87MiB 
2024-07-01 15:32:20,docker_pgbouncer_1,0.04,1.32MiB 
2024-07-01 15:32:20,docker_postgres_1,0.05,35.65MiB 
2024-07-01 15:32:20,docker_cache_1,0.34,1014MiB 
2024-07-01 15:32:33,docker_detector_1,719.53,823.1MiB 
2024-07-01 15:32:33,docker_combiner_1,0.25,45.8MiB 
2024-07-01 15:32:33,docker_extractor_1,0.43,86.16MiB 
2024-07-01 15:32:33,docker_minion_1,0.24,26.18MiB 
2024-07-01 15:32:33,docker_controller_1,0.33,25.87MiB 
2024-07-01 15:32:33,docker_pgbouncer_1,0.04,1.32MiB 
2024-07-01 15:32:33,docker_postgres_1,0.05,35.57MiB 
2024-07-01 15:32:33,docker_cache_1,73.47,1018MiB 
2024-07-01 15:32:45,docker_detector_1,0.21,825.3MiB 
2024-07-01 15:32:45,docker_combiner_1,43.65,56.93MiB 
2024-07-01 15:32:45,docker_extractor_1,43.05,91.46MiB 
2024-07-01 15:32:45,docker_minion_1,8.07,26.38MiB 
2024-07-01 15:32:45,docker_controller_1,5.03,25.95MiB 
2024-07-01 15:32:45,docker_pgbouncer_1,2.63,1.453MiB 
2024-07-01 15:32:45,docker_postgres_1,1.98,35.57MiB 
2024-07-01 15:32:45,docker_cache_1,2.80,1017MiB 
2024-07-01 15:32:58,docker_detector_1,786.86,931.3MiB 
2024-07-01 15:32:58,docker_combiner_1,0.31,56.93MiB 
2024-07-01 15:32:58,docker_extractor_1,0.56,91.43MiB 
2024-07-01 15:32:58,docker_minion_1,0.28,26.21MiB 
2024-07-01 15:32:58,docker_controller_1,0.37,25.92MiB 
2024-07-01 15:32:58,docker_pgbouncer_1,0.04,1.32MiB 
2024-07-01 15:32:58,docker_postgres_1,0.00,35.57MiB 
2024-07-01 15:32:58,docker_cache_1,0.39,1017MiB 
2024-07-01 15:33:10,docker_detector_1,720.16,931.5MiB 
2024-07-01 15:33:10,docker_combiner_1,0.26,56.93MiB 
2024-07-01 15:33:10,docker_extractor_1,0.48,91.43MiB 
2024-07-01 15:33:10,docker_minion_1,0.22,26.21MiB 
2024-07-01 15:33:10,docker_controller_1,0.28,25.91MiB 
2024-07-01 15:33:10,docker_pgbouncer_1,0.03,1.32MiB 
2024-07-01 15:33:10,docker_postgres_1,0.03,35.57MiB 
2024-07-01 15:33:10,docker_cache_1,70.83,1013MiB 
2024-07-01 15:33:23,docker_detector_1,720.28,1019MiB 
2024-07-01 15:33:23,docker_combiner_1,0.26,59.43MiB 
2024-07-01 15:33:23,docker_extractor_1,0.47,86.18MiB 
2024-07-01 15:33:23,docker_minion_1,0.26,26.23MiB 
2024-07-01 15:33:23,docker_controller_1,0.31,25.93MiB 
2024-07-01 15:33:23,docker_pgbouncer_1,0.04,1.316MiB 
2024-07-01 15:33:23,docker_postgres_1,0.01,35.57MiB 
2024-07-01 15:33:23,docker_cache_1,71.16,1.015GiB 
2024-07-01 15:33:35,docker_detector_1,791.11,932.1MiB 
2024-07-01 15:33:35,docker_combiner_1,0.28,59.43MiB 
2024-07-01 15:33:35,docker_extractor_1,0.48,86.18MiB 
2024-07-01 15:33:35,docker_minion_1,0.23,26.23MiB 
2024-07-01 15:33:35,docker_controller_1,0.30,25.93MiB 
2024-07-01 15:33:35,docker_pgbouncer_1,0.03,1.316MiB 
2024-07-01 15:33:35,docker_postgres_1,0.03,35.57MiB 
2024-07-01 15:33:35,docker_cache_1,0.28,1002MiB 
2024-07-01 15:33:47,docker_detector_1,670.63,947.3MiB 
2024-07-01 15:33:47,docker_combiner_1,0.24,56.99MiB 
2024-07-01 15:33:47,docker_extractor_1,0.33,91.45MiB 
2024-07-01 15:33:47,docker_minion_1,0.23,26.24MiB 
2024-07-01 15:33:47,docker_controller_1,0.34,25.94MiB 
2024-07-01 15:33:47,docker_pgbouncer_1,0.03,1.32MiB 
2024-07-01 15:33:47,docker_postgres_1,0.06,35.57MiB 
2024-07-01 15:33:47,docker_cache_1,72.95,1.003GiB 
2024-07-01 15:34:00,docker_detector_1,722.03,950.1MiB 
2024-07-01 15:34:00,docker_combiner_1,0.23,56.99MiB 
2024-07-01 15:34:00,docker_extractor_1,0.55,91.45MiB 
2024-07-01 15:34:00,docker_minion_1,0.24,26.24MiB 
2024-07-01 15:34:00,docker_controller_1,0.39,25.94MiB 
2024-07-01 15:34:00,docker_pgbouncer_1,0.02,1.32MiB 
2024-07-01 15:34:00,docker_postgres_1,0.00,35.57MiB 
2024-07-01 15:34:00,docker_cache_1,72.37,1.011GiB 
2024-07-01 15:34:12,docker_detector_1,793.22,950.1MiB 
2024-07-01 15:34:12,docker_combiner_1,0.27,56.99MiB 
2024-07-01 15:34:12,docker_extractor_1,0.55,91.45MiB 
2024-07-01 15:34:12,docker_minion_1,0.16,26.24MiB 
2024-07-01 15:34:12,docker_controller_1,0.27,25.94MiB 
2024-07-01 15:34:12,docker_pgbouncer_1,0.02,1.32MiB 
2024-07-01 15:34:12,docker_postgres_1,0.01,35.65MiB 
2024-07-01 15:34:12,docker_cache_1,0.25,999.9MiB 
2024-07-01 15:34:25,docker_detector_1,345.29,1006MiB 
2024-07-01 15:34:25,docker_combiner_1,0.18,61.9MiB 
2024-07-01 15:34:25,docker_extractor_1,0.31,86.21MiB 
2024-07-01 15:34:25,docker_minion_1,0.19,26.25MiB 
2024-07-01 15:34:25,docker_controller_1,0.23,25.96MiB 
2024-07-01 15:34:25,docker_pgbouncer_1,0.02,1.32MiB 
2024-07-01 15:34:25,docker_postgres_1,0.05,35.66MiB 
2024-07-01 15:34:25,docker_cache_1,0.31,1018MiB 
2024-07-01 15:34:38,docker_detector_1,718.63,979.5MiB 
2024-07-01 15:34:38,docker_combiner_1,0.26,61.9MiB 
2024-07-01 15:34:38,docker_extractor_1,0.42,86.21MiB 
2024-07-01 15:34:38,docker_minion_1,0.25,26.25MiB 
2024-07-01 15:34:38,docker_controller_1,0.39,25.96MiB 
2024-07-01 15:34:38,docker_pgbouncer_1,0.03,1.32MiB 
2024-07-01 15:34:38,docker_postgres_1,0.00,35.66MiB 
2024-07-01 15:34:38,docker_cache_1,69.24,1014MiB 
2024-07-01 15:34:50,docker_detector_1,793.09,1013MiB 
2024-07-01 15:34:50,docker_combiner_1,0.36,61.9MiB 
2024-07-01 15:34:50,docker_extractor_1,0.49,86.21MiB 
2024-07-01 15:34:50,docker_minion_1,0.29,26.25MiB 
2024-07-01 15:34:50,docker_controller_1,0.38,25.95MiB 
2024-07-01 15:34:50,docker_pgbouncer_1,0.03,1.32MiB 
2024-07-01 15:34:50,docker_postgres_1,0.00,35.67MiB 
2024-07-01 15:34:50,docker_cache_1,0.39,1000MiB 
2024-07-01 15:35:03,docker_detector_1,794.20,979.8MiB 
2024-07-01 15:35:03,docker_combiner_1,0.35,57.01MiB 
2024-07-01 15:35:03,docker_extractor_1,0.50,92.41MiB 
2024-07-01 15:35:03,docker_minion_1,0.27,26.28MiB 
2024-07-01 15:35:03,docker_controller_1,0.40,25.97MiB 
2024-07-01 15:35:03,docker_pgbouncer_1,0.03,1.316MiB 
2024-07-01 15:35:03,docker_postgres_1,0.04,35.66MiB 
2024-07-01 15:35:03,docker_cache_1,0.36,1018MiB 
2024-07-01 15:35:16,docker_detector_1,524.65,1.012GiB 
2024-07-01 15:35:16,docker_combiner_1,0.24,57.01MiB 
2024-07-01 15:35:16,docker_extractor_1,0.37,92.41MiB 
2024-07-01 15:35:16,docker_minion_1,0.23,26.28MiB 
2024-07-01 15:35:16,docker_controller_1,0.28,25.97MiB 
2024-07-01 15:35:16,docker_pgbouncer_1,0.03,1.316MiB 
2024-07-01 15:35:16,docker_postgres_1,0.01,35.67MiB 
2024-07-01 15:35:16,docker_cache_1,79.66,1011MiB 
2024-07-01 15:35:28,docker_detector_1,725.71,979.6MiB 
2024-07-01 15:35:28,docker_combiner_1,0.22,59.48MiB 
2024-07-01 15:35:28,docker_extractor_1,0.36,86.22MiB 
2024-07-01 15:35:28,docker_minion_1,0.23,26.29MiB 
2024-07-01 15:35:28,docker_controller_1,0.31,25.97MiB 
2024-07-01 15:35:28,docker_pgbouncer_1,0.03,1.32MiB 
2024-07-01 15:35:28,docker_postgres_1,0.02,35.67MiB 
2024-07-01 15:35:28,docker_cache_1,71.48,1.012GiB 
2024-07-01 15:35:41,docker_detector_1,792.58,979.6MiB 
2024-07-01 15:35:41,docker_combiner_1,0.28,59.48MiB 
2024-07-01 15:35:41,docker_extractor_1,0.53,86.22MiB 
2024-07-01 15:35:41,docker_minion_1,0.33,26.29MiB 
2024-07-01 15:35:41,docker_controller_1,0.49,25.97MiB 
2024-07-01 15:35:41,docker_pgbouncer_1,0.03,1.32MiB 
2024-07-01 15:35:41,docker_postgres_1,0.32,35.75MiB 
2024-07-01 15:35:41,docker_cache_1,0.37,1015MiB 
2024-07-01 15:35:54,docker_detector_1,47.88,979.6MiB 
2024-07-01 15:35:54,docker_combiner_1,90.02,57.08MiB 
2024-07-01 15:35:54,docker_extractor_1,42.53,90.94MiB 
2024-07-01 15:35:54,docker_minion_1,5.90,26.32MiB 
2024-07-01 15:35:54,docker_controller_1,5.23,25.98MiB 
2024-07-01 15:35:54,docker_pgbouncer_1,2.47,1.324MiB 
2024-07-01 15:35:54,docker_postgres_1,1.99,35.78MiB 
2024-07-01 15:35:54,docker_cache_1,73.81,1005MiB 
2024-07-01 15:36:06,docker_detector_1,716.11,1005MiB 
2024-07-01 15:36:06,docker_combiner_1,0.27,57.05MiB 
2024-07-01 15:36:06,docker_extractor_1,0.50,90.93MiB 
2024-07-01 15:36:06,docker_minion_1,0.26,26.31MiB 
2024-07-01 15:36:06,docker_controller_1,0.44,25.97MiB 
2024-07-01 15:36:06,docker_pgbouncer_1,0.03,1.316MiB 
2024-07-01 15:36:06,docker_postgres_1,0.03,35.78MiB 
2024-07-01 15:36:06,docker_cache_1,70.63,1015MiB 
2024-07-01 15:36:19,docker_detector_1,641.96,1.03GiB 
2024-07-01 15:36:19,docker_combiner_1,0.28,57.05MiB 
2024-07-01 15:36:19,docker_extractor_1,0.57,90.93MiB 
2024-07-01 15:36:19,docker_minion_1,0.24,26.31MiB 
2024-07-01 15:36:19,docker_controller_1,0.42,25.97MiB 
2024-07-01 15:36:19,docker_pgbouncer_1,0.03,1.316MiB 
2024-07-01 15:36:19,docker_postgres_1,0.01,35.78MiB 
2024-07-01 15:36:19,docker_cache_1,0.33,997.2MiB 
2024-07-01 15:36:32,docker_detector_1,794.11,1.008GiB 
2024-07-01 15:36:32,docker_combiner_1,0.22,57.05MiB 
2024-07-01 15:36:32,docker_extractor_1,0.53,91.49MiB 
2024-07-01 15:36:32,docker_minion_1,0.21,26.32MiB 
2024-07-01 15:36:32,docker_controller_1,0.27,25.99MiB 
2024-07-01 15:36:32,docker_pgbouncer_1,0.04,1.316MiB 
2024-07-01 15:36:32,docker_postgres_1,0.02,35.79MiB 
2024-07-01 15:36:32,docker_cache_1,0.27,1012MiB 
2024-07-01 15:36:44,docker_detector_1,711.86,1012MiB 
2024-07-01 15:36:44,docker_combiner_1,0.30,57.05MiB 
2024-07-01 15:36:44,docker_extractor_1,0.41,91.49MiB 
2024-07-01 15:36:44,docker_minion_1,0.26,26.32MiB 
2024-07-01 15:36:44,docker_controller_1,0.42,25.99MiB 
2024-07-01 15:36:44,docker_pgbouncer_1,0.03,1.316MiB 
2024-07-01 15:36:44,docker_postgres_1,0.01,35.79MiB 
2024-07-01 15:36:44,docker_cache_1,92.18,1.003GiB 
2024-07-01 15:36:57,docker_detector_1,786.50,1.021GiB 
2024-07-01 15:36:57,docker_combiner_1,0.28,57.05MiB 
2024-07-01 15:36:57,docker_extractor_1,0.59,91.49MiB 
2024-07-01 15:36:57,docker_minion_1,0.30,26.32MiB 
2024-07-01 15:36:57,docker_controller_1,0.48,25.98MiB 
2024-07-01 15:36:57,docker_pgbouncer_1,0.04,1.316MiB 
2024-07-01 15:36:57,docker_postgres_1,0.00,35.78MiB 
2024-07-01 15:36:57,docker_cache_1,0.34,997.3MiB 
2024-07-01 15:37:10,docker_detector_1,794.82,1012MiB 
2024-07-01 15:37:10,docker_combiner_1,0.39,61.94MiB 
2024-07-01 15:37:10,docker_extractor_1,0.57,86.23MiB 
2024-07-01 15:37:10,docker_minion_1,0.28,26.32MiB 
2024-07-01 15:37:10,docker_controller_1,0.44,26MiB 
2024-07-01 15:37:10,docker_pgbouncer_1,0.02,1.324MiB 
2024-07-01 15:37:10,docker_postgres_1,0.04,35.79MiB 
2024-07-01 15:37:10,docker_cache_1,0.34,1012MiB 
2024-07-01 15:37:22,docker_detector_1,717.83,1012MiB 
2024-07-01 15:37:22,docker_combiner_1,0.25,61.94MiB 
2024-07-01 15:37:22,docker_extractor_1,0.46,86.23MiB 
2024-07-01 15:37:22,docker_minion_1,0.25,26.32MiB 
2024-07-01 15:37:22,docker_controller_1,0.40,26MiB 
2024-07-01 15:37:22,docker_pgbouncer_1,0.02,1.324MiB 
2024-07-01 15:37:22,docker_postgres_1,0.00,35.78MiB 
2024-07-01 15:37:22,docker_cache_1,79.65,1009MiB 
2024-07-01 15:37:35,docker_detector_1,714.75,1012MiB 
2024-07-01 15:37:35,docker_combiner_1,0.24,69.75MiB 
2024-07-01 15:37:35,docker_extractor_1,0.35,86.24MiB 
2024-07-01 15:37:35,docker_minion_1,0.20,26.32MiB 
2024-07-01 15:37:35,docker_controller_1,0.36,26MiB 
2024-07-01 15:37:35,docker_pgbouncer_1,0.02,1.316MiB 
2024-07-01 15:37:35,docker_postgres_1,0.03,35.78MiB 
2024-07-01 15:37:35,docker_cache_1,71.68,1.01GiB 
2024-07-01 15:37:48,docker_detector_1,789.38,967.2MiB 
2024-07-01 15:37:48,docker_combiner_1,0.30,69.75MiB 
2024-07-01 15:37:48,docker_extractor_1,0.49,86.24MiB 
2024-07-01 15:37:48,docker_minion_1,0.23,26.32MiB 
2024-07-01 15:37:48,docker_controller_1,0.49,26MiB 
2024-07-01 15:37:48,docker_pgbouncer_1,0.03,1.316MiB 
2024-07-01 15:37:48,docker_postgres_1,0.00,35.79MiB 
2024-07-01 15:37:48,docker_cache_1,0.35,1012MiB 
2024-07-01 15:38:00,docker_detector_1,59.82,997.1MiB 
2024-07-01 15:38:00,docker_combiner_1,0.24,59.48MiB 
2024-07-01 15:38:00,docker_extractor_1,32.92,86.23MiB 
2024-07-01 15:38:00,docker_minion_1,6.07,26.32MiB 
2024-07-01 15:38:00,docker_controller_1,4.28,26.02MiB 
2024-07-01 15:38:00,docker_pgbouncer_1,2.19,1.316MiB 
2024-07-01 15:38:00,docker_postgres_1,1.70,35.79MiB 
2024-07-01 15:38:00,docker_cache_1,73.73,1019MiB 
2024-07-01 15:38:13,docker_detector_1,723.57,1.082GiB 
2024-07-01 15:38:13,docker_combiner_1,0.29,59.48MiB 
2024-07-01 15:38:13,docker_extractor_1,0.42,86.23MiB 
2024-07-01 15:38:13,docker_minion_1,0.25,26.32MiB 
2024-07-01 15:38:13,docker_controller_1,0.47,26MiB 
2024-07-01 15:38:13,docker_pgbouncer_1,0.02,1.316MiB 
2024-07-01 15:38:13,docker_postgres_1,0.02,35.79MiB 
2024-07-01 15:38:13,docker_cache_1,86.66,1014MiB 
2024-07-01 15:38:26,docker_detector_1,382.61,1.039GiB 
2024-07-01 15:38:26,docker_combiner_1,0.21,59.48MiB 
2024-07-01 15:38:26,docker_extractor_1,0.38,86.23MiB 
2024-07-01 15:38:26,docker_minion_1,0.18,26.32MiB 
2024-07-01 15:38:26,docker_controller_1,0.27,26MiB 
2024-07-01 15:38:26,docker_pgbouncer_1,0.04,1.316MiB 
2024-07-01 15:38:26,docker_postgres_1,0.00,35.79MiB 
2024-07-01 15:38:26,docker_cache_1,0.32,995.7MiB 
2024-07-01 15:38:38,docker_detector_1,323.19,1.04GiB 
2024-07-01 15:38:38,docker_combiner_1,0.17,59.46MiB 
2024-07-01 15:38:38,docker_extractor_1,0.30,96.32MiB 
2024-07-01 15:38:38,docker_minion_1,0.17,26.34MiB 
2024-07-01 15:38:38,docker_controller_1,0.29,26.01MiB 
2024-07-01 15:38:38,docker_pgbouncer_1,0.03,1.32MiB 
2024-07-01 15:38:38,docker_postgres_1,0.02,35.78MiB 
2024-07-01 15:38:38,docker_cache_1,0.32,1013MiB 
2024-07-01 15:38:51,docker_detector_1,723.57,1.004GiB 
2024-07-01 15:38:51,docker_combiner_1,0.32,59.46MiB 
2024-07-01 15:38:51,docker_extractor_1,0.48,96.32MiB 
2024-07-01 15:38:51,docker_minion_1,0.24,26.34MiB 
2024-07-01 15:38:51,docker_controller_1,0.49,26.01MiB 
2024-07-01 15:38:51,docker_pgbouncer_1,0.03,1.32MiB 
2024-07-01 15:38:51,docker_postgres_1,0.00,35.78MiB 
2024-07-01 15:38:51,docker_cache_1,72.11,1012MiB 
2024-07-01 15:39:04,docker_detector_1,790.43,1.004GiB 
2024-07-01 15:39:04,docker_combiner_1,0.33,59.46MiB 
2024-07-01 15:39:04,docker_extractor_1,0.52,96.32MiB 
2024-07-01 15:39:04,docker_minion_1,0.25,26.34MiB 
2024-07-01 15:39:04,docker_controller_1,0.51,26MiB 
2024-07-01 15:39:04,docker_pgbouncer_1,0.04,1.32MiB 
2024-07-01 15:39:04,docker_postgres_1,0.00,35.78MiB 
2024-07-01 15:39:04,docker_cache_1,0.36,995.7MiB 
2024-07-01 15:39:16,docker_detector_1,798.47,1008MiB 
2024-07-01 15:39:16,docker_combiner_1,0.37,69.75MiB 
2024-07-01 15:39:16,docker_extractor_1,0.53,92.43MiB 
2024-07-01 15:39:16,docker_minion_1,0.26,26.36MiB 
2024-07-01 15:39:16,docker_controller_1,0.54,26.02MiB 
2024-07-01 15:39:16,docker_pgbouncer_1,0.03,1.316MiB 
2024-07-01 15:39:16,docker_postgres_1,0.02,35.79MiB 
2024-07-01 15:39:16,docker_cache_1,0.31,1013MiB 
2024-07-01 15:39:29,docker_detector_1,714.10,997.1MiB 
2024-07-01 15:39:29,docker_combiner_1,0.30,69.75MiB 
2024-07-01 15:39:29,docker_extractor_1,0.52,92.43MiB 
2024-07-01 15:39:29,docker_minion_1,0.25,26.36MiB 
2024-07-01 15:39:29,docker_controller_1,0.50,26.02MiB 
2024-07-01 15:39:29,docker_pgbouncer_1,0.02,1.316MiB 
2024-07-01 15:39:29,docker_postgres_1,0.03,35.79MiB 
2024-07-01 15:39:29,docker_cache_1,71.57,1007MiB 
2024-07-01 15:39:42,docker_detector_1,32.05,1.016GiB 
2024-07-01 15:39:42,docker_combiner_1,0.21,59.47MiB 
2024-07-01 15:39:42,docker_extractor_1,0.34,96.34MiB 
2024-07-01 15:39:42,docker_minion_1,0.22,26.37MiB 
2024-07-01 15:39:42,docker_controller_1,0.42,26.02MiB 
2024-07-01 15:39:42,docker_pgbouncer_1,0.02,1.316MiB 
2024-07-01 15:39:42,docker_postgres_1,0.00,35.79MiB 
2024-07-01 15:39:42,docker_cache_1,39.37,1011MiB 
2024-07-01 15:39:54,docker_detector_1,787.03,997.1MiB 
2024-07-01 15:39:54,docker_combiner_1,0.25,59.47MiB 
2024-07-01 15:39:54,docker_extractor_1,0.55,96.34MiB 
2024-07-01 15:39:54,docker_minion_1,0.25,26.37MiB 
2024-07-01 15:39:54,docker_controller_1,0.55,26.02MiB 
2024-07-01 15:39:54,docker_pgbouncer_1,0.03,1.316MiB 
2024-07-01 15:39:54,docker_postgres_1,0.03,35.79MiB 
2024-07-01 15:39:54,docker_cache_1,0.34,1011MiB 
2024-07-01 15:40:07,docker_detector_1,0.23,997.1MiB 
2024-07-01 15:40:07,docker_combiner_1,99.96,83.61MiB 
2024-07-01 15:40:07,docker_extractor_1,0.29,96.34MiB 
2024-07-01 15:40:07,docker_minion_1,0.21,26.39MiB 
2024-07-01 15:40:07,docker_controller_1,0.35,26.02MiB 
2024-07-01 15:40:07,docker_pgbouncer_1,0.02,1.316MiB 
2024-07-01 15:40:07,docker_postgres_1,0.00,35.79MiB 
2024-07-01 15:40:07,docker_cache_1,82.46,1010MiB 
2024-07-01 15:40:20,docker_detector_1,724.81,1.135GiB 
2024-07-01 15:40:20,docker_combiner_1,0.27,50.8MiB 
2024-07-01 15:40:20,docker_extractor_1,0.54,96.35MiB 
2024-07-01 15:40:20,docker_minion_1,0.30,26.4MiB 
2024-07-01 15:40:20,docker_controller_1,0.51,26.02MiB 
2024-07-01 15:40:20,docker_pgbouncer_1,0.03,1.32MiB 
2024-07-01 15:40:20,docker_postgres_1,0.00,35.79MiB 
2024-07-01 15:40:20,docker_cache_1,70.85,1017MiB 
2024-07-01 15:40:32,docker_detector_1,790.87,1.048GiB 
2024-07-01 15:40:32,docker_combiner_1,0.31,50.8MiB 
2024-07-01 15:40:32,docker_extractor_1,0.58,96.35MiB 
2024-07-01 15:40:32,docker_minion_1,0.25,26.4MiB 
2024-07-01 15:40:32,docker_controller_1,0.50,26.02MiB 
2024-07-01 15:40:32,docker_pgbouncer_1,0.02,1.32MiB 
2024-07-01 15:40:32,docker_postgres_1,0.00,35.79MiB 
2024-07-01 15:40:32,docker_cache_1,0.40,994.9MiB 
2024-07-01 15:40:45,docker_detector_1,724.60,1.048GiB 
2024-07-01 15:40:45,docker_combiner_1,0.32,61.93MiB 
2024-07-01 15:40:45,docker_extractor_1,0.43,96.37MiB 
2024-07-01 15:40:45,docker_minion_1,0.28,26.41MiB 
2024-07-01 15:40:45,docker_controller_1,0.42,26.03MiB 
2024-07-01 15:40:45,docker_pgbouncer_1,0.02,1.324MiB 
2024-07-01 15:40:45,docker_postgres_1,0.03,35.79MiB 
2024-07-01 15:40:45,docker_cache_1,0.35,1012MiB 
2024-07-01 15:40:58,docker_detector_1,720.97,1.008GiB 
2024-07-01 15:40:58,docker_combiner_1,0.31,61.93MiB 
2024-07-01 15:40:58,docker_extractor_1,0.51,96.37MiB 
2024-07-01 15:40:58,docker_minion_1,0.26,26.41MiB 
2024-07-01 15:40:58,docker_controller_1,0.52,26.03MiB 
2024-07-01 15:40:58,docker_pgbouncer_1,0.03,1.324MiB 
2024-07-01 15:40:58,docker_postgres_1,0.00,35.79MiB 
2024-07-01 15:40:58,docker_cache_1,71.67,1012MiB 
2024-07-01 15:41:10,docker_detector_1,793.03,1.008GiB 
2024-07-01 15:41:10,docker_combiner_1,0.34,61.93MiB 
2024-07-01 15:41:10,docker_extractor_1,0.52,96.37MiB 
2024-07-01 15:41:10,docker_minion_1,0.27,26.41MiB 
2024-07-01 15:41:10,docker_controller_1,0.56,26.02MiB 
2024-07-01 15:41:10,docker_pgbouncer_1,0.02,1.316MiB 
2024-07-01 15:41:10,docker_postgres_1,0.02,35.79MiB 
2024-07-01 15:41:10,docker_cache_1,0.37,995MiB 
2024-07-01 15:41:23,docker_detector_1,789.51,1.021GiB 
2024-07-01 15:41:23,docker_combiner_1,0.30,61.95MiB 
2024-07-01 15:41:23,docker_extractor_1,0.51,96.36MiB 
2024-07-01 15:41:23,docker_minion_1,0.27,26.41MiB 
2024-07-01 15:41:23,docker_controller_1,0.49,26.02MiB 
2024-07-01 15:41:23,docker_pgbouncer_1,0.05,1.32MiB 
2024-07-01 15:41:23,docker_postgres_1,1.23,35.89MiB 
2024-07-01 15:41:23,docker_cache_1,0.40,1012MiB 
2024-07-01 15:41:36,docker_detector_1,714.81,1012MiB 
2024-07-01 15:41:36,docker_combiner_1,0.27,61.95MiB 
2024-07-01 15:41:36,docker_extractor_1,0.45,96.36MiB 
2024-07-01 15:41:36,docker_minion_1,0.27,26.41MiB 
2024-07-01 15:41:36,docker_controller_1,0.41,26.02MiB 
2024-07-01 15:41:36,docker_pgbouncer_1,0.02,1.32MiB 
2024-07-01 15:41:36,docker_postgres_1,0.00,35.79MiB 
2024-07-01 15:41:36,docker_cache_1,92.17,1008MiB 
2024-07-01 15:41:48,docker_detector_1,0.27,1011MiB 
2024-07-01 15:41:48,docker_combiner_1,0.21,59.48MiB 
2024-07-01 15:41:48,docker_extractor_1,21.96,94.88MiB 
2024-07-01 15:41:48,docker_minion_1,5.79,26.42MiB 
2024-07-01 15:41:48,docker_controller_1,3.90,26.03MiB 
2024-07-01 15:41:48,docker_pgbouncer_1,1.87,1.316MiB 
2024-07-01 15:41:48,docker_postgres_1,1.53,35.79MiB 
2024-07-01 15:41:48,docker_cache_1,8.35,1010MiB 
2024-07-01 15:42:01,docker_detector_1,789.67,1011MiB 
2024-07-01 15:42:01,docker_combiner_1,0.36,59.48MiB 
2024-07-01 15:42:01,docker_extractor_1,0.55,94.88MiB 
2024-07-01 15:42:01,docker_minion_1,0.28,26.42MiB 
2024-07-01 15:42:01,docker_controller_1,0.46,26.03MiB 
2024-07-01 15:42:01,docker_pgbouncer_1,0.02,1.316MiB 
2024-07-01 15:42:01,docker_postgres_1,0.04,35.79MiB 
2024-07-01 15:42:01,docker_cache_1,0.34,1010MiB 
2024-07-01 15:42:14,docker_detector_1,0.25,1011MiB 
2024-07-01 15:42:14,docker_combiner_1,99.97,99.13MiB 
2024-07-01 15:42:14,docker_extractor_1,0.35,94.88MiB 
2024-07-01 15:42:14,docker_minion_1,0.19,26.43MiB 
2024-07-01 15:42:14,docker_controller_1,0.29,26.02MiB 
2024-07-01 15:42:14,docker_pgbouncer_1,0.02,1.32MiB 
2024-07-01 15:42:14,docker_postgres_1,0.00,35.79MiB 
2024-07-01 15:42:14,docker_cache_1,72.75,1005MiB 
2024-07-01 15:42:26,docker_detector_1,703.62,1.11GiB 
2024-07-01 15:42:26,docker_combiner_1,0.23,69.77MiB 
2024-07-01 15:42:26,docker_extractor_1,0.42,96.37MiB 
2024-07-01 15:42:26,docker_minion_1,0.22,26.43MiB 
2024-07-01 15:42:26,docker_controller_1,0.40,26.03MiB 
2024-07-01 15:42:26,docker_pgbouncer_1,0.03,1.324MiB 
2024-07-01 15:42:26,docker_postgres_1,0.02,35.79MiB 
2024-07-01 15:42:26,docker_cache_1,78.98,1009MiB 
2024-07-01 15:42:39,docker_detector_1,789.53,1.041GiB 
2024-07-01 15:42:39,docker_combiner_1,0.32,69.77MiB 
2024-07-01 15:42:39,docker_extractor_1,0.51,96.37MiB 
2024-07-01 15:42:39,docker_minion_1,0.27,26.43MiB 
2024-07-01 15:42:39,docker_controller_1,0.62,26.03MiB 
2024-07-01 15:42:39,docker_pgbouncer_1,0.04,1.324MiB 
2024-07-01 15:42:39,docker_postgres_1,0.00,35.79MiB 
2024-07-01 15:42:39,docker_cache_1,0.38,988.4MiB 
2024-07-01 15:42:52,docker_detector_1,720.02,1.074GiB 
2024-07-01 15:42:52,docker_combiner_1,0.36,69.77MiB 
2024-07-01 15:42:52,docker_extractor_1,0.47,92.49MiB 
2024-07-01 15:42:52,docker_minion_1,0.26,26.44MiB 
2024-07-01 15:42:52,docker_controller_1,0.45,26.03MiB 
2024-07-01 15:42:52,docker_pgbouncer_1,0.03,1.316MiB 
2024-07-01 15:42:52,docker_postgres_1,0.00,35.79MiB 
2024-07-01 15:42:52,docker_cache_1,70.62,1013MiB 
2024-07-01 15:43:05,docker_detector_1,722.58,1.006GiB 
2024-07-01 15:43:05,docker_combiner_1,0.27,69.77MiB 
2024-07-01 15:43:05,docker_extractor_1,0.43,92.49MiB 
2024-07-01 15:43:05,docker_minion_1,0.21,26.44MiB 
2024-07-01 15:43:05,docker_controller_1,0.36,26.03MiB 
2024-07-01 15:43:05,docker_pgbouncer_1,0.02,1.316MiB 
2024-07-01 15:43:05,docker_postgres_1,0.00,35.79MiB 
2024-07-01 15:43:05,docker_cache_1,77.51,1022MiB 
2024-07-01 15:43:17,docker_detector_1,787.03,1.006GiB 
2024-07-01 15:43:17,docker_combiner_1,0.36,69.77MiB 
2024-07-01 15:43:17,docker_extractor_1,0.68,92.49MiB 
2024-07-01 15:43:17,docker_minion_1,0.33,26.43MiB 
2024-07-01 15:43:17,docker_controller_1,0.54,26.02MiB 
2024-07-01 15:43:17,docker_pgbouncer_1,0.04,1.316MiB 
2024-07-01 15:43:17,docker_postgres_1,0.03,35.79MiB 
2024-07-01 15:43:17,docker_cache_1,0.34,988.4MiB 
2024-07-01 15:43:30,docker_detector_1,788.52,1.006GiB 
2024-07-01 15:43:30,docker_combiner_1,0.36,69.78MiB 
2024-07-01 15:43:30,docker_extractor_1,0.53,96.38MiB 
2024-07-01 15:43:30,docker_minion_1,0.26,26.44MiB 
2024-07-01 15:43:30,docker_controller_1,0.46,26.04MiB 
2024-07-01 15:43:30,docker_pgbouncer_1,0.03,1.324MiB 
2024-07-01 15:43:30,docker_postgres_1,0.00,35.79MiB 
2024-07-01 15:43:30,docker_cache_1,0.32,1005MiB 
2024-07-01 15:43:43,docker_detector_1,722.98,1.006GiB 
2024-07-01 15:43:43,docker_combiner_1,0.37,69.78MiB 
2024-07-01 15:43:43,docker_extractor_1,0.53,96.38MiB 
2024-07-01 15:43:43,docker_minion_1,0.24,26.44MiB 
2024-07-01 15:43:43,docker_controller_1,0.38,26.04MiB 
2024-07-01 15:43:43,docker_pgbouncer_1,0.04,1.324MiB 
2024-07-01 15:43:43,docker_postgres_1,0.02,35.79MiB 
2024-07-01 15:43:43,docker_cache_1,71.36,1002MiB 
2024-07-01 15:43:55,docker_detector_1,0.24,1.005GiB 
2024-07-01 15:43:55,docker_combiner_1,100.02,69.79MiB 
2024-07-01 15:43:55,docker_extractor_1,0.32,96.38MiB 
2024-07-01 15:43:55,docker_minion_1,0.19,26.44MiB 
2024-07-01 15:43:55,docker_controller_1,0.24,26.04MiB 
2024-07-01 15:43:55,docker_pgbouncer_1,0.02,1.316MiB 
2024-07-01 15:43:55,docker_postgres_1,0.02,35.79MiB 
2024-07-01 15:43:55,docker_cache_1,35.32,993.6MiB 
2024-07-01 15:44:08,docker_detector_1,789.83,1.006GiB 
2024-07-01 15:44:08,docker_combiner_1,0.33,69.78MiB 
2024-07-01 15:44:08,docker_extractor_1,0.51,92.49MiB 
2024-07-01 15:44:08,docker_minion_1,0.24,26.44MiB 
2024-07-01 15:44:08,docker_controller_1,0.47,26.04MiB 
2024-07-01 15:44:08,docker_pgbouncer_1,0.03,1.316MiB 
2024-07-01 15:44:08,docker_postgres_1,0.00,35.79MiB 
2024-07-01 15:44:08,docker_cache_1,0.48,1006MiB 
2024-07-01 15:44:20,docker_detector_1,707.27,1.01GiB 
2024-07-01 15:44:20,docker_combiner_1,0.30,69.78MiB 
2024-07-01 15:44:20,docker_extractor_1,0.50,92.49MiB 
2024-07-01 15:44:20,docker_minion_1,0.22,26.44MiB 
2024-07-01 15:44:20,docker_controller_1,0.46,26.03MiB 
2024-07-01 15:44:20,docker_pgbouncer_1,0.03,1.316MiB 
2024-07-01 15:44:20,docker_postgres_1,0.02,35.79MiB 
2024-07-01 15:44:20,docker_cache_1,81.59,1001MiB 
2024-07-01 15:44:33,docker_detector_1,277.14,1019MiB 
2024-07-01 15:44:33,docker_combiner_1,0.30,69.77MiB 
2024-07-01 15:44:33,docker_extractor_1,0.33,92.49MiB 
2024-07-01 15:44:33,docker_minion_1,0.24,26.46MiB 
2024-07-01 15:44:33,docker_controller_1,0.28,26.05MiB 
2024-07-01 15:44:33,docker_pgbouncer_1,0.02,1.316MiB 
2024-07-01 15:44:33,docker_postgres_1,0.02,35.79MiB 
2024-07-01 15:44:33,docker_cache_1,72.33,1024MiB 
2024-07-01 15:44:46,docker_detector_1,714.54,1.015GiB 
2024-07-01 15:44:46,docker_combiner_1,0.32,69.77MiB 
2024-07-01 15:44:46,docker_extractor_1,0.54,92.49MiB 
2024-07-01 15:44:46,docker_minion_1,0.27,26.46MiB 
2024-07-01 15:44:46,docker_controller_1,0.57,26.05MiB 
2024-07-01 15:44:46,docker_pgbouncer_1,0.02,1.316MiB 
2024-07-01 15:44:46,docker_postgres_1,0.00,35.79MiB 
2024-07-01 15:44:46,docker_cache_1,0.35,986.5MiB 
2024-07-01 15:44:58,docker_detector_1,711.07,1.015GiB 
2024-07-01 15:44:58,docker_combiner_1,0.25,54.61MiB 
2024-07-01 15:44:58,docker_extractor_1,0.40,96.39MiB 
2024-07-01 15:44:58,docker_minion_1,0.23,26.48MiB 
2024-07-01 15:44:58,docker_controller_1,0.39,26.04MiB 
2024-07-01 15:44:58,docker_pgbouncer_1,0.02,1.32MiB 
2024-07-01 15:44:58,docker_postgres_1,0.02,35.79MiB 
2024-07-01 15:44:58,docker_cache_1,90.26,1011MiB 
2024-07-01 15:45:11,docker_detector_1,428.93,1.015GiB 
2024-07-01 15:45:11,docker_combiner_1,0.27,54.61MiB 
2024-07-01 15:45:11,docker_extractor_1,0.37,96.39MiB 
2024-07-01 15:45:11,docker_minion_1,0.22,26.48MiB 
2024-07-01 15:45:11,docker_controller_1,0.31,26.04MiB 
2024-07-01 15:45:11,docker_pgbouncer_1,0.02,1.32MiB 
2024-07-01 15:45:11,docker_postgres_1,0.00,35.79MiB 
2024-07-01 15:45:11,docker_cache_1,68.92,1019MiB 
2024-07-01 15:45:24,docker_detector_1,530.31,1002MiB 
2024-07-01 15:45:24,docker_combiner_1,0.21,54.61MiB 
2024-07-01 15:45:24,docker_extractor_1,0.36,96.39MiB 
2024-07-01 15:45:24,docker_minion_1,0.21,26.47MiB 
2024-07-01 15:45:24,docker_controller_1,0.38,26.04MiB 
2024-07-01 15:45:24,docker_pgbouncer_1,0.02,1.32MiB 
2024-07-01 15:45:24,docker_postgres_1,0.02,35.79MiB 
2024-07-01 15:45:24,docker_cache_1,0.25,986.6MiB 
2024-07-01 15:45:36,docker_detector_1,790.80,1002MiB 
2024-07-01 15:45:36,docker_combiner_1,0.35,69.78MiB 
2024-07-01 15:45:36,docker_extractor_1,0.48,90.22MiB 
2024-07-01 15:45:36,docker_minion_1,0.23,26.49MiB 
2024-07-01 15:45:36,docker_controller_1,0.39,26.05MiB 
2024-07-01 15:45:36,docker_pgbouncer_1,0.02,1.316MiB 
2024-07-01 15:45:36,docker_postgres_1,0.03,35.79MiB 
2024-07-01 15:45:36,docker_cache_1,0.26,1002MiB 
2024-07-01 15:45:49,docker_detector_1,709.16,1.008GiB 
2024-07-01 15:45:49,docker_combiner_1,0.29,69.78MiB 
2024-07-01 15:45:49,docker_extractor_1,0.38,90.22MiB 
2024-07-01 15:45:49,docker_minion_1,0.20,26.49MiB 
2024-07-01 15:45:49,docker_controller_1,0.36,26.05MiB 
2024-07-01 15:45:49,docker_pgbouncer_1,0.02,1.316MiB 
2024-07-01 15:45:49,docker_postgres_1,0.00,35.79MiB 
2024-07-01 15:45:49,docker_cache_1,83.83,1002MiB 
2024-07-01 15:46:02,docker_detector_1,127.15,1.008GiB 
2024-07-01 15:46:02,docker_combiner_1,80.20,120.8MiB 
2024-07-01 15:46:02,docker_extractor_1,0.32,90.21MiB 
2024-07-01 15:46:02,docker_minion_1,5.73,26.49MiB 
2024-07-01 15:46:02,docker_controller_1,3.80,26.05MiB 
2024-07-01 15:46:02,docker_pgbouncer_1,1.95,1.32MiB 
2024-07-01 15:46:02,docker_postgres_1,1.46,35.79MiB 
2024-07-01 15:46:02,docker_cache_1,0.39,986.8MiB 
2024-07-01 15:46:15,docker_detector_1,322.69,981.5MiB 
2024-07-01 15:46:15,docker_combiner_1,0.21,61.93MiB 
2024-07-01 15:46:15,docker_extractor_1,0.28,94.91MiB 
2024-07-01 15:46:15,docker_minion_1,0.18,26.49MiB 
2024-07-01 15:46:15,docker_controller_1,0.24,26.05MiB 
2024-07-01 15:46:15,docker_pgbouncer_1,0.02,1.32MiB 
2024-07-01 15:46:15,docker_postgres_1,0.02,35.79MiB 
2024-07-01 15:46:15,docker_cache_1,0.46,1004MiB 
2024-07-01 15:46:27,docker_detector_1,723.46,981.5MiB 
2024-07-01 15:46:27,docker_combiner_1,0.28,61.93MiB 
2024-07-01 15:46:27,docker_extractor_1,0.37,94.91MiB 
2024-07-01 15:46:27,docker_minion_1,0.24,26.49MiB 
2024-07-01 15:46:27,docker_controller_1,0.37,26.05MiB 
2024-07-01 15:46:27,docker_pgbouncer_1,0.02,1.32MiB 
2024-07-01 15:46:27,docker_postgres_1,0.00,35.79MiB 
2024-07-01 15:46:27,docker_cache_1,69.66,997.8MiB 
2024-07-01 15:46:40,docker_detector_1,703.50,981.6MiB 
2024-07-01 15:46:40,docker_combiner_1,0.32,69.77MiB 
2024-07-01 15:46:40,docker_extractor_1,0.51,92.51MiB 
2024-07-01 15:46:40,docker_minion_1,0.26,26.5MiB 
2024-07-01 15:46:40,docker_controller_1,0.48,26.05MiB 
2024-07-01 15:46:40,docker_pgbouncer_1,0.03,1.324MiB 
2024-07-01 15:46:40,docker_postgres_1,0.06,35.79MiB 
2024-07-01 15:46:40,docker_cache_1,91.97,1.002GiB 
2024-07-01 15:46:53,docker_detector_1,322.27,1.021GiB 
2024-07-01 15:46:53,docker_combiner_1,0.21,69.77MiB 
2024-07-01 15:46:53,docker_extractor_1,0.32,92.51MiB 
2024-07-01 15:46:53,docker_minion_1,0.19,26.5MiB 
2024-07-01 15:46:53,docker_controller_1,0.28,26.05MiB 
2024-07-01 15:46:53,docker_pgbouncer_1,0.02,1.324MiB 
2024-07-01 15:46:53,docker_postgres_1,0.00,35.79MiB 
2024-07-01 15:46:53,docker_cache_1,0.33,1004MiB 
2024-07-01 15:47:05,docker_detector_1,591.10,1.021GiB 
2024-07-01 15:47:05,docker_combiner_1,0.24,61.94MiB 
2024-07-01 15:47:05,docker_extractor_1,0.34,92.5MiB 
2024-07-01 15:47:05,docker_minion_1,6.03,26.52MiB 
2024-07-01 15:47:05,docker_controller_1,0.37,26.05MiB 
2024-07-01 15:47:05,docker_pgbouncer_1,0.03,1.32MiB 
2024-07-01 15:47:05,docker_postgres_1,0.00,35.79MiB 
2024-07-01 15:47:05,docker_cache_1,70.91,1007MiB 
2024-07-01 15:47:18,docker_detector_1,719.32,1.021GiB 
2024-07-01 15:47:18,docker_combiner_1,0.31,61.94MiB 
2024-07-01 15:47:18,docker_extractor_1,0.53,92.5MiB 
2024-07-01 15:47:18,docker_minion_1,0.24,26.52MiB 
2024-07-01 15:47:18,docker_controller_1,0.44,26.05MiB 
2024-07-01 15:47:18,docker_pgbouncer_1,0.02,1.32MiB 
2024-07-01 15:47:18,docker_postgres_1,0.02,35.79MiB 
2024-07-01 15:47:18,docker_cache_1,89.65,1015MiB 
2024-07-01 15:47:30,docker_detector_1,317.63,1.008GiB 
2024-07-01 15:47:30,docker_combiner_1,0.35,61.94MiB 
2024-07-01 15:47:30,docker_extractor_1,0.37,92.5MiB 
2024-07-01 15:47:30,docker_minion_1,0.20,26.52MiB 
2024-07-01 15:47:30,docker_controller_1,0.27,26.05MiB 
2024-07-01 15:47:30,docker_pgbouncer_1,0.02,1.32MiB 
2024-07-01 15:47:30,docker_postgres_1,0.00,35.79MiB 
2024-07-01 15:47:30,docker_cache_1,0.28,980.2MiB 
2024-07-01 15:47:43,docker_detector_1,536.58,1.008GiB 
2024-07-01 15:47:43,docker_combiner_1,0.26,64.38MiB 
2024-07-01 15:47:43,docker_extractor_1,0.35,94.93MiB 
2024-07-01 15:47:43,docker_minion_1,0.18,26.52MiB 
2024-07-01 15:47:43,docker_controller_1,0.30,26.06MiB 
2024-07-01 15:47:43,docker_pgbouncer_1,0.02,1.32MiB 
2024-07-01 15:47:43,docker_postgres_1,0.03,35.79MiB 
2024-07-01 15:47:43,docker_cache_1,0.32,995.1MiB 
2024-07-01 15:47:56,docker_detector_1,283.07,1011MiB 
2024-07-01 15:47:56,docker_combiner_1,0.24,64.38MiB 
2024-07-01 15:47:56,docker_extractor_1,0.35,94.93MiB 
2024-07-01 15:47:56,docker_minion_1,0.21,26.52MiB 
2024-07-01 15:47:56,docker_controller_1,0.33,26.06MiB 
2024-07-01 15:47:56,docker_pgbouncer_1,0.02,1.32MiB 
2024-07-01 15:47:56,docker_postgres_1,0.00,35.79MiB 
2024-07-01 15:47:56,docker_cache_1,71.04,995.3MiB 
2024-07-01 15:48:08,docker_detector_1,436.45,1011MiB 
2024-07-01 15:48:08,docker_combiner_1,46.03,60.88MiB 
2024-07-01 15:48:08,docker_extractor_1,0.38,94.93MiB 
2024-07-01 15:48:08,docker_minion_1,5.52,26.52MiB 
2024-07-01 15:48:08,docker_controller_1,3.77,26.06MiB 
2024-07-01 15:48:08,docker_pgbouncer_1,2.03,1.32MiB 
2024-07-01 15:48:08,docker_postgres_1,1.67,35.79MiB 
2024-07-01 15:48:08,docker_cache_1,0.34,980.8MiB 
2024-07-01 15:48:21,docker_detector_1,413.94,1011MiB 
2024-07-01 15:48:21,docker_combiner_1,0.31,64.42MiB 
2024-07-01 15:48:21,docker_extractor_1,0.37,92.51MiB 
2024-07-01 15:48:21,docker_minion_1,0.17,26.54MiB 
2024-07-01 15:48:21,docker_controller_1,0.32,26.05MiB 
2024-07-01 15:48:21,docker_pgbouncer_1,0.02,1.316MiB 
2024-07-01 15:48:21,docker_postgres_1,0.02,35.79MiB 
2024-07-01 15:48:21,docker_cache_1,0.35,997.9MiB 
2024-07-01 15:48:34,docker_detector_1,716.53,1011MiB 
2024-07-01 15:48:34,docker_combiner_1,0.22,64.42MiB 
2024-07-01 15:48:34,docker_extractor_1,0.36,92.51MiB 
2024-07-01 15:48:34,docker_minion_1,0.22,26.54MiB 
2024-07-01 15:48:34,docker_controller_1,0.34,26.05MiB 
2024-07-01 15:48:34,docker_pgbouncer_1,0.02,1.316MiB 
2024-07-01 15:48:34,docker_postgres_1,0.03,35.79MiB 
2024-07-01 15:48:34,docker_cache_1,73.96,993MiB 
2024-07-01 15:48:46,docker_detector_1,719.36,986.4MiB 
2024-07-01 15:48:46,docker_combiner_1,0.28,61.98MiB 
2024-07-01 15:48:46,docker_extractor_1,0.42,90.22MiB 
2024-07-01 15:48:46,docker_minion_1,0.28,26.56MiB 
2024-07-01 15:48:46,docker_controller_1,0.45,26.07MiB 
2024-07-01 15:48:46,docker_pgbouncer_1,0.02,1.316MiB 
2024-07-01 15:48:46,docker_postgres_1,0.02,35.79MiB 
2024-07-01 15:48:46,docker_cache_1,70.44,1019MiB 
2024-07-01 15:48:59,docker_detector_1,318.85,1.021GiB 
2024-07-01 15:48:59,docker_combiner_1,0.18,61.98MiB 
2024-07-01 15:48:59,docker_extractor_1,0.34,90.22MiB 
2024-07-01 15:48:59,docker_minion_1,0.17,26.56MiB 
2024-07-01 15:48:59,docker_controller_1,0.29,26.07MiB 
2024-07-01 15:48:59,docker_pgbouncer_1,0.02,1.316MiB 
2024-07-01 15:48:59,docker_postgres_1,0.02,35.79MiB 
2024-07-01 15:48:59,docker_cache_1,0.33,998.1MiB 
2024-07-01 15:49:12,docker_detector_1,0.28,1.021GiB 
2024-07-01 15:49:12,docker_combiner_1,0.24,61.95MiB 
2024-07-01 15:49:12,docker_extractor_1,0.66,90.22MiB 
2024-07-01 15:49:12,docker_minion_1,0.25,26.56MiB 
2024-07-01 15:49:12,docker_controller_1,2.28,26.06MiB 
2024-07-01 15:49:12,docker_pgbouncer_1,0.70,1.32MiB 
2024-07-01 15:49:12,docker_postgres_1,0.42,35.79MiB 
2024-07-01 15:49:12,docker_cache_1,73.94,1004MiB 
2024-07-01 15:49:24,docker_detector_1,719.39,1.036GiB 
2024-07-01 15:49:24,docker_combiner_1,0.29,61.95MiB 
2024-07-01 15:49:24,docker_extractor_1,0.49,90.22MiB 
2024-07-01 15:49:24,docker_minion_1,0.23,26.56MiB 
2024-07-01 15:49:24,docker_controller_1,0.50,26.06MiB 
2024-07-01 15:49:24,docker_pgbouncer_1,0.03,1.32MiB 
2024-07-01 15:49:24,docker_postgres_1,0.00,35.86MiB 
2024-07-01 15:49:24,docker_cache_1,71.00,1012MiB 
2024-07-01 15:49:37,docker_detector_1,407.93,1.001GiB 
2024-07-01 15:49:37,docker_combiner_1,0.24,61.95MiB 
2024-07-01 15:49:37,docker_extractor_1,0.42,90.22MiB 
2024-07-01 15:49:37,docker_minion_1,0.18,26.56MiB 
2024-07-01 15:49:37,docker_controller_1,0.37,26.06MiB 
2024-07-01 15:49:37,docker_pgbouncer_1,0.03,1.32MiB 
2024-07-01 15:49:37,docker_postgres_1,0.02,35.79MiB 
2024-07-01 15:49:37,docker_cache_1,0.37,978.9MiB 
2024-07-01 15:49:50,docker_detector_1,333.67,1.001GiB 
2024-07-01 15:49:50,docker_combiner_1,0.17,61.94MiB 
2024-07-01 15:49:50,docker_extractor_1,0.28,94.92MiB 
2024-07-01 15:49:50,docker_minion_1,0.18,26.58MiB 
2024-07-01 15:49:50,docker_controller_1,0.26,26.08MiB 
2024-07-01 15:49:50,docker_pgbouncer_1,0.02,1.316MiB 
2024-07-01 15:49:50,docker_postgres_1,0.00,35.79MiB 
2024-07-01 15:49:50,docker_cache_1,0.34,996MiB 
2024-07-01 15:50:02,docker_detector_1,328.00,1.03GiB 
2024-07-01 15:50:02,docker_combiner_1,0.24,61.94MiB 
2024-07-01 15:50:02,docker_extractor_1,0.35,94.92MiB 
2024-07-01 15:50:02,docker_minion_1,0.20,26.58MiB 
2024-07-01 15:50:02,docker_controller_1,0.44,26.08MiB 
2024-07-01 15:50:02,docker_pgbouncer_1,0.03,1.316MiB 
2024-07-01 15:50:02,docker_postgres_1,0.00,35.79MiB 
2024-07-01 15:50:02,docker_cache_1,71.63,992.4MiB 
2024-07-01 15:50:15,docker_detector_1,757.35,1.03GiB 
2024-07-01 15:50:15,docker_combiner_1,0.28,61.94MiB 
2024-07-01 15:50:15,docker_extractor_1,0.57,94.91MiB 
2024-07-01 15:50:15,docker_minion_1,0.24,26.58MiB 
2024-07-01 15:50:15,docker_controller_1,0.47,26.06MiB 
2024-07-01 15:50:15,docker_pgbouncer_1,0.03,1.316MiB 
2024-07-01 15:50:15,docker_postgres_1,0.02,35.79MiB 
2024-07-01 15:50:15,docker_cache_1,89.75,1002MiB 
2024-07-01 15:50:28,docker_detector_1,791.48,1020MiB 
2024-07-01 15:50:28,docker_combiner_1,0.39,64.38MiB 
2024-07-01 15:50:28,docker_extractor_1,0.57,94.93MiB 
2024-07-01 15:50:28,docker_minion_1,0.34,26.58MiB 
2024-07-01 15:50:28,docker_controller_1,0.47,26.07MiB 
2024-07-01 15:50:28,docker_pgbouncer_1,0.02,1.316MiB 
2024-07-01 15:50:28,docker_postgres_1,0.00,35.79MiB 
2024-07-01 15:50:28,docker_cache_1,0.35,996.1MiB 
2024-07-01 15:50:41,docker_detector_1,722.80,1020MiB 
2024-07-01 15:50:41,docker_combiner_1,0.26,64.38MiB 
2024-07-01 15:50:41,docker_extractor_1,0.41,94.93MiB 
2024-07-01 15:50:41,docker_minion_1,0.20,26.58MiB 
2024-07-01 15:50:41,docker_controller_1,0.35,26.07MiB 
2024-07-01 15:50:41,docker_pgbouncer_1,0.02,1.316MiB 
2024-07-01 15:50:41,docker_postgres_1,0.02,35.79MiB 
2024-07-01 15:50:41,docker_cache_1,71.13,989.4MiB 
2024-07-01 15:50:53,docker_detector_1,721.12,1.025GiB 
2024-07-01 15:50:53,docker_combiner_1,0.35,64.39MiB 
2024-07-01 15:50:53,docker_extractor_1,0.48,90.23MiB 
2024-07-01 15:50:53,docker_minion_1,0.21,26.6MiB 
2024-07-01 15:50:53,docker_controller_1,0.48,26.08MiB 
2024-07-01 15:50:53,docker_pgbouncer_1,0.02,1.316MiB 
2024-07-01 15:50:53,docker_postgres_1,0.03,35.79MiB 
2024-07-01 15:50:53,docker_cache_1,85.03,1013MiB 
2024-07-01 15:51:06,docker_detector_1,681.89,1.094GiB 
2024-07-01 15:51:06,docker_combiner_1,0.27,64.39MiB 
2024-07-01 15:51:06,docker_extractor_1,0.43,90.23MiB 
2024-07-01 15:51:06,docker_minion_1,0.20,26.6MiB 
2024-07-01 15:51:06,docker_controller_1,0.37,26.08MiB 
2024-07-01 15:51:06,docker_pgbouncer_1,0.02,1.316MiB 
2024-07-01 15:51:06,docker_postgres_1,0.00,35.79MiB 
2024-07-01 15:51:06,docker_cache_1,0.35,994.9MiB 
2024-07-01 15:51:19,docker_detector_1,60.26,1.049GiB 
2024-07-01 15:51:19,docker_combiner_1,0.30,64.38MiB 
2024-07-01 15:51:19,docker_extractor_1,27.98,90.23MiB 
2024-07-01 15:51:19,docker_minion_1,5.97,26.6MiB 
2024-07-01 15:51:19,docker_controller_1,4.28,26.08MiB 
2024-07-01 15:51:19,docker_pgbouncer_1,2.00,1.32MiB 
2024-07-01 15:51:19,docker_postgres_1,1.75,35.79MiB 
2024-07-01 15:51:19,docker_cache_1,3.91,988.7MiB 
2024-07-01 15:51:31,docker_detector_1,722.66,1.048GiB 
2024-07-01 15:51:31,docker_combiner_1,0.36,64.38MiB 
2024-07-01 15:51:31,docker_extractor_1,0.48,90.23MiB 
2024-07-01 15:51:31,docker_minion_1,0.25,26.6MiB 
2024-07-01 15:51:31,docker_controller_1,0.45,26.07MiB 
2024-07-01 15:51:31,docker_pgbouncer_1,0.05,1.316MiB 
2024-07-01 15:51:31,docker_postgres_1,0.03,35.79MiB 
2024-07-01 15:51:31,docker_cache_1,71.73,1005MiB 
2024-07-01 15:51:44,docker_detector_1,780.86,1.005GiB 
2024-07-01 15:51:44,docker_combiner_1,0.34,64.38MiB 
2024-07-01 15:51:44,docker_extractor_1,0.57,90.23MiB 
2024-07-01 15:51:44,docker_minion_1,0.24,26.6MiB 
2024-07-01 15:51:44,docker_controller_1,0.50,26.07MiB 
2024-07-01 15:51:44,docker_pgbouncer_1,0.03,1.316MiB 
2024-07-01 15:51:44,docker_postgres_1,1.06,35.82MiB 
2024-07-01 15:51:44,docker_cache_1,0.39,970.8MiB 
2024-07-01 15:51:56,docker_detector_1,786.84,1.019GiB 
2024-07-01 15:51:56,docker_combiner_1,0.32,64.39MiB 
2024-07-01 15:51:56,docker_extractor_1,0.57,92.52MiB 
2024-07-01 15:51:56,docker_minion_1,0.32,26.6MiB 
2024-07-01 15:51:56,docker_controller_1,0.47,26.07MiB 
2024-07-01 15:51:56,docker_pgbouncer_1,0.03,1.316MiB 
2024-07-01 15:51:56,docker_postgres_1,0.03,35.79MiB 
2024-07-01 15:51:56,docker_cache_1,0.31,987.9MiB 
2024-07-01 15:52:09,docker_detector_1,719.41,1.019GiB 
2024-07-01 15:52:09,docker_combiner_1,0.30,64.39MiB 
2024-07-01 15:52:09,docker_extractor_1,0.49,92.52MiB 
2024-07-01 15:52:09,docker_minion_1,0.22,26.6MiB 
2024-07-01 15:52:09,docker_controller_1,0.49,26.07MiB 
2024-07-01 15:52:09,docker_pgbouncer_1,0.03,1.316MiB 
2024-07-01 15:52:09,docker_postgres_1,0.00,35.79MiB 
2024-07-01 15:52:09,docker_cache_1,69.69,1001MiB 
2024-07-01 15:52:22,docker_detector_1,791.91,1.019GiB 
2024-07-01 15:52:22,docker_combiner_1,0.38,64.39MiB 
2024-07-01 15:52:22,docker_extractor_1,0.61,92.52MiB 
2024-07-01 15:52:22,docker_minion_1,0.23,26.59MiB 
2024-07-01 15:52:22,docker_controller_1,0.51,26.07MiB 
2024-07-01 15:52:22,docker_pgbouncer_1,0.03,1.316MiB 
2024-07-01 15:52:22,docker_postgres_1,0.03,35.79MiB 
2024-07-01 15:52:22,docker_cache_1,39.54,970.8MiB 
2024-07-01 15:52:34,docker_detector_1,709.26,1011MiB 
2024-07-01 15:52:34,docker_combiner_1,0.40,64.39MiB 
2024-07-01 15:52:34,docker_extractor_1,0.59,92.52MiB 
2024-07-01 15:52:34,docker_minion_1,0.30,26.61MiB 
2024-07-01 15:52:34,docker_controller_1,0.53,26.07MiB 
2024-07-01 15:52:34,docker_pgbouncer_1,0.04,1.32MiB 
2024-07-01 15:52:34,docker_postgres_1,0.09,35.79MiB 
2024-07-01 15:52:34,docker_cache_1,0.34,985.5MiB 
2024-07-01 15:52:47,docker_detector_1,701.99,1011MiB 
2024-07-01 15:52:47,docker_combiner_1,0.35,64.39MiB 
2024-07-01 15:52:47,docker_extractor_1,0.50,92.52MiB 
2024-07-01 15:52:47,docker_minion_1,0.26,26.61MiB 
2024-07-01 15:52:47,docker_controller_1,0.43,26.07MiB 
2024-07-01 15:52:47,docker_pgbouncer_1,0.02,1.32MiB 
2024-07-01 15:52:47,docker_postgres_1,0.00,35.79MiB 
2024-07-01 15:52:47,docker_cache_1,80.81,978.1MiB 
2024-07-01 15:53:00,docker_detector_1,57.24,1011MiB 
2024-07-01 15:53:00,docker_combiner_1,0.26,61.95MiB 
2024-07-01 15:53:00,docker_extractor_1,11.74,93.49MiB 
2024-07-01 15:53:00,docker_minion_1,5.88,26.62MiB 
2024-07-01 15:53:00,docker_controller_1,4.08,26.08MiB 
2024-07-01 15:53:00,docker_pgbouncer_1,2.09,1.316MiB 
2024-07-01 15:53:00,docker_postgres_1,1.70,35.79MiB 
2024-07-01 15:53:00,docker_cache_1,73.08,1007MiB 
2024-07-01 15:53:12,docker_detector_1,571.58,1.022GiB 
2024-07-01 15:53:12,docker_combiner_1,0.37,61.95MiB 
2024-07-01 15:53:12,docker_extractor_1,0.51,92.51MiB 
2024-07-01 15:53:12,docker_minion_1,0.26,26.62MiB 
2024-07-01 15:53:12,docker_controller_1,0.49,26.08MiB 
2024-07-01 15:53:12,docker_pgbouncer_1,0.02,1.316MiB 
2024-07-01 15:53:12,docker_postgres_1,0.02,35.79MiB 
2024-07-01 15:53:12,docker_cache_1,0.33,988MiB 
2024-07-01 15:53:25,docker_detector_1,149.82,1.022GiB 
2024-07-01 15:53:25,docker_combiner_1,79.40,121.1MiB 
2024-07-01 15:53:25,docker_extractor_1,0.35,92.51MiB 
2024-07-01 15:53:25,docker_minion_1,4.84,26.62MiB 
2024-07-01 15:53:25,docker_controller_1,3.95,26.08MiB 
2024-07-01 15:53:25,docker_pgbouncer_1,2.08,1.32MiB 
2024-07-01 15:53:25,docker_postgres_1,1.09,35.79MiB 
2024-07-01 15:53:25,docker_cache_1,74.28,981.8MiB 
2024-07-01 15:53:38,docker_detector_1,718.73,1.022GiB 
2024-07-01 15:53:38,docker_combiner_1,0.26,72.23MiB 
2024-07-01 15:53:38,docker_extractor_1,0.41,92.52MiB 
2024-07-01 15:53:38,docker_minion_1,0.21,26.62MiB 
2024-07-01 15:53:38,docker_controller_1,0.38,26.07MiB 
2024-07-01 15:53:38,docker_pgbouncer_1,0.02,1.316MiB 
2024-07-01 15:53:38,docker_postgres_1,0.01,35.79MiB 
2024-07-01 15:53:38,docker_cache_1,69.04,990.3MiB 
2024-07-01 15:53:50,docker_detector_1,787.61,1.022GiB 
2024-07-01 15:53:50,docker_combiner_1,0.40,72.23MiB 
2024-07-01 15:53:50,docker_extractor_1,0.59,92.52MiB 
2024-07-01 15:53:50,docker_minion_1,0.25,26.62MiB 
2024-07-01 15:53:50,docker_controller_1,0.49,26.07MiB 
2024-07-01 15:53:50,docker_pgbouncer_1,0.03,1.316MiB 
2024-07-01 15:53:50,docker_postgres_1,0.02,35.79MiB 
2024-07-01 15:53:50,docker_cache_1,0.41,968.8MiB 
2024-07-01 15:54:03,docker_detector_1,793.08,1.022GiB 
2024-07-01 15:54:03,docker_combiner_1,0.40,72.23MiB 
2024-07-01 15:54:03,docker_extractor_1,0.73,94.93MiB 
2024-07-01 15:54:03,docker_minion_1,0.26,26.64MiB 
2024-07-01 15:54:03,docker_controller_1,0.53,26.07MiB 
2024-07-01 15:54:03,docker_pgbouncer_1,0.05,1.324MiB 
2024-07-01 15:54:03,docker_postgres_1,0.00,35.8MiB 
2024-07-01 15:54:03,docker_cache_1,0.37,985.8MiB 
2024-07-01 15:54:16,docker_detector_1,717.75,1.01GiB 
2024-07-01 15:54:16,docker_combiner_1,0.34,72.23MiB 
2024-07-01 15:54:16,docker_extractor_1,0.55,94.93MiB 
2024-07-01 15:54:16,docker_minion_1,0.23,26.64MiB 
2024-07-01 15:54:16,docker_controller_1,0.36,26.07MiB 
2024-07-01 15:54:16,docker_pgbouncer_1,0.03,1.324MiB 
2024-07-01 15:54:16,docker_postgres_1,0.02,35.79MiB 
2024-07-01 15:54:16,docker_cache_1,70.12,1001MiB 
2024-07-01 15:54:28,docker_detector_1,793.88,1.01GiB 
2024-07-01 15:54:28,docker_combiner_1,0.34,72.23MiB 
2024-07-01 15:54:28,docker_extractor_1,0.53,94.93MiB 
2024-07-01 15:54:28,docker_minion_1,0.30,26.63MiB 
2024-07-01 15:54:28,docker_controller_1,0.53,26.07MiB 
2024-07-01 15:54:28,docker_pgbouncer_1,0.02,1.324MiB 
2024-07-01 15:54:28,docker_postgres_1,0.00,35.8MiB 
2024-07-01 15:54:28,docker_cache_1,0.30,968.9MiB 
2024-07-01 15:54:41,docker_detector_1,791.57,1000MiB 
2024-07-01 15:54:41,docker_combiner_1,0.32,64.38MiB 
2024-07-01 15:54:41,docker_extractor_1,0.66,95.48MiB 
2024-07-01 15:54:41,docker_minion_1,0.25,26.64MiB 
2024-07-01 15:54:41,docker_controller_1,0.53,26.07MiB 
2024-07-01 15:54:41,docker_pgbouncer_1,0.02,1.32MiB 
2024-07-01 15:54:41,docker_postgres_1,0.03,35.79MiB 
2024-07-01 15:54:41,docker_cache_1,0.30,986.1MiB 
2024-07-01 15:54:54,docker_detector_1,706.73,1012MiB 
2024-07-01 15:54:54,docker_combiner_1,0.32,64.38MiB 
2024-07-01 15:54:54,docker_extractor_1,0.51,95.48MiB 
2024-07-01 15:54:54,docker_minion_1,0.23,26.64MiB 
2024-07-01 15:54:54,docker_controller_1,0.55,26.07MiB 
2024-07-01 15:54:54,docker_pgbouncer_1,0.04,1.32MiB 
2024-07-01 15:54:54,docker_postgres_1,0.00,35.8MiB 
2024-07-01 15:54:54,docker_cache_1,83.50,978.8MiB 
2024-07-01 15:55:06,docker_detector_1,68.83,982.4MiB 
2024-07-01 15:55:06,docker_combiner_1,0.25,64.38MiB 
2024-07-01 15:55:06,docker_extractor_1,23.96,96.42MiB 
2024-07-01 15:55:06,docker_minion_1,5.91,26.67MiB 
2024-07-01 15:55:06,docker_controller_1,4.19,26.08MiB 
2024-07-01 15:55:06,docker_pgbouncer_1,2.14,1.316MiB 
2024-07-01 15:55:06,docker_postgres_1,1.71,35.79MiB 
2024-07-01 15:55:06,docker_cache_1,72.12,1003MiB 
2024-07-01 15:55:19,docker_detector_1,791.99,1.037GiB 
2024-07-01 15:55:19,docker_combiner_1,0.40,64.38MiB 
2024-07-01 15:55:19,docker_extractor_1,0.62,96.42MiB 
2024-07-01 15:55:19,docker_minion_1,0.22,26.67MiB 
2024-07-01 15:55:19,docker_controller_1,0.66,26.08MiB 
2024-07-01 15:55:19,docker_pgbouncer_1,0.03,1.316MiB 
2024-07-01 15:55:19,docker_postgres_1,0.00,35.79MiB 
2024-07-01 15:55:19,docker_cache_1,0.39,981.2MiB 
2024-07-01 15:55:32,docker_detector_1,0.29,1.037GiB 
2024-07-01 15:55:32,docker_combiner_1,99.58,68.74MiB 
2024-07-01 15:55:32,docker_extractor_1,0.38,96.42MiB 
2024-07-01 15:55:32,docker_minion_1,0.20,26.67MiB 
2024-07-01 15:55:32,docker_controller_1,0.37,26.08MiB 
2024-07-01 15:55:32,docker_pgbouncer_1,0.03,1.32MiB 
2024-07-01 15:55:32,docker_postgres_1,0.00,35.8MiB 
2024-07-01 15:55:32,docker_cache_1,78.08,979.5MiB 
2024-07-01 15:55:44,docker_detector_1,725.15,1.037GiB 
2024-07-01 15:55:44,docker_combiner_1,0.29,64.39MiB 
2024-07-01 15:55:44,docker_extractor_1,0.45,98.82MiB 
2024-07-01 15:55:44,docker_minion_1,0.20,26.68MiB 
2024-07-01 15:55:44,docker_controller_1,0.36,26.07MiB 
2024-07-01 15:55:44,docker_pgbouncer_1,0.03,1.32MiB 
2024-07-01 15:55:44,docker_postgres_1,0.02,35.8MiB 
2024-07-01 15:55:44,docker_cache_1,71.47,996.9MiB 
2024-07-01 15:55:57,docker_detector_1,788.12,1024MiB 
2024-07-01 15:55:57,docker_combiner_1,0.41,64.39MiB 
2024-07-01 15:55:57,docker_extractor_1,0.59,98.82MiB 
2024-07-01 15:55:57,docker_minion_1,0.36,26.68MiB 
2024-07-01 15:55:57,docker_controller_1,0.50,26.07MiB 
2024-07-01 15:55:57,docker_pgbouncer_1,0.04,1.32MiB 
2024-07-01 15:55:57,docker_postgres_1,0.00,35.8MiB 
2024-07-01 15:55:57,docker_cache_1,0.34,966.3MiB 
2024-07-01 15:56:10,docker_detector_1,768.86,1.028GiB 
2024-07-01 15:56:10,docker_combiner_1,0.40,61.94MiB 
2024-07-01 15:56:10,docker_extractor_1,0.54,96.42MiB 
2024-07-01 15:56:10,docker_minion_1,0.24,26.69MiB 
2024-07-01 15:56:10,docker_controller_1,0.45,26.08MiB 
2024-07-01 15:56:10,docker_pgbouncer_1,0.04,1.316MiB 
2024-07-01 15:56:10,docker_postgres_1,0.03,35.8MiB 
2024-07-01 15:56:10,docker_cache_1,0.37,983.4MiB 
2024-07-01 15:56:22,docker_detector_1,722.09,1013MiB 
2024-07-01 15:56:22,docker_combiner_1,0.25,61.94MiB 
2024-07-01 15:56:22,docker_extractor_1,0.40,96.42MiB 
2024-07-01 15:56:22,docker_minion_1,0.18,26.69MiB 
2024-07-01 15:56:22,docker_controller_1,0.42,26.08MiB 
2024-07-01 15:56:22,docker_pgbouncer_1,0.03,1.316MiB 
2024-07-01 15:56:22,docker_postgres_1,0.00,35.79MiB 
2024-07-01 15:56:22,docker_cache_1,85.49,999.4MiB 
2024-07-01 15:56:35,docker_detector_1,543.88,1.019GiB 
2024-07-01 15:56:35,docker_combiner_1,0.33,61.94MiB 
2024-07-01 15:56:35,docker_extractor_1,0.56,96.41MiB 
2024-07-01 15:56:35,docker_minion_1,0.22,26.69MiB 
2024-07-01 15:56:35,docker_controller_1,0.47,26.07MiB 
2024-07-01 15:56:35,docker_pgbouncer_1,0.02,1.316MiB 
2024-07-01 15:56:35,docker_postgres_1,0.00,35.79MiB 
2024-07-01 15:56:35,docker_cache_1,0.40,966.6MiB 
2024-07-01 15:56:48,docker_detector_1,794.67,1008MiB 
2024-07-01 15:56:48,docker_combiner_1,0.39,64.4MiB 
2024-07-01 15:56:48,docker_extractor_1,0.55,94.94MiB 
2024-07-01 15:56:48,docker_minion_1,0.21,26.7MiB 
2024-07-01 15:56:48,docker_controller_1,0.44,26.09MiB 
2024-07-01 15:56:48,docker_pgbouncer_1,0.05,1.32MiB 
2024-07-01 15:56:48,docker_postgres_1,0.04,35.79MiB 
2024-07-01 15:56:48,docker_cache_1,0.30,983.6MiB 
2024-07-01 15:57:00,docker_detector_1,720.97,1008MiB 
2024-07-01 15:57:00,docker_combiner_1,0.37,64.4MiB 
2024-07-01 15:57:00,docker_extractor_1,0.56,94.94MiB 
2024-07-01 15:57:00,docker_minion_1,0.25,26.7MiB 
2024-07-01 15:57:00,docker_controller_1,0.45,26.09MiB 
2024-07-01 15:57:00,docker_pgbouncer_1,0.02,1.32MiB 
2024-07-01 15:57:00,docker_postgres_1,0.03,35.79MiB 
2024-07-01 15:57:00,docker_cache_1,69.20,979.6MiB 
2024-07-01 15:57:13,docker_detector_1,60.55,999.1MiB 
2024-07-01 15:57:13,docker_combiner_1,100.22,150.1MiB 
2024-07-01 15:57:13,docker_extractor_1,0.40,94.93MiB 
2024-07-01 15:57:13,docker_minion_1,0.18,26.7MiB 
2024-07-01 15:57:13,docker_controller_1,0.34,26.08MiB 
2024-07-01 15:57:13,docker_pgbouncer_1,0.02,1.316MiB 
2024-07-01 15:57:13,docker_postgres_1,0.01,35.79MiB 
2024-07-01 15:57:13,docker_cache_1,35.49,974MiB 
2024-07-01 15:57:26,docker_detector_1,793.30,1.038GiB 
2024-07-01 15:57:26,docker_combiner_1,0.27,66.9MiB 
2024-07-01 15:57:26,docker_extractor_1,0.44,97.38MiB 
2024-07-01 15:57:26,docker_minion_1,0.22,26.7MiB 
2024-07-01 15:57:26,docker_controller_1,0.43,26.1MiB 
2024-07-01 15:57:26,docker_pgbouncer_1,0.02,1.324MiB 
2024-07-01 15:57:26,docker_postgres_1,0.02,35.79MiB 
2024-07-01 15:57:26,docker_cache_1,0.29,983.8MiB 
2024-07-01 15:57:38,docker_detector_1,706.21,1.038GiB 
2024-07-01 15:57:38,docker_combiner_1,0.32,66.9MiB 
2024-07-01 15:57:38,docker_extractor_1,0.52,97.38MiB 
2024-07-01 15:57:38,docker_minion_1,0.24,26.7MiB 
2024-07-01 15:57:38,docker_controller_1,0.48,26.1MiB 
2024-07-01 15:57:38,docker_pgbouncer_1,0.02,1.324MiB 
2024-07-01 15:57:38,docker_postgres_1,0.00,35.79MiB 
2024-07-01 15:57:38,docker_cache_1,71.15,977.3MiB 
2024-07-01 15:57:51,docker_detector_1,721.98,1.038GiB 
2024-07-01 15:57:51,docker_combiner_1,0.37,69.41MiB 
2024-07-01 15:57:51,docker_extractor_1,0.51,94.93MiB 
2024-07-01 15:57:51,docker_minion_1,0.22,26.72MiB 
2024-07-01 15:57:51,docker_controller_1,0.43,26.09MiB 
2024-07-01 15:57:51,docker_pgbouncer_1,0.05,1.316MiB 
2024-07-01 15:57:51,docker_postgres_1,0.08,35.79MiB 
2024-07-01 15:57:51,docker_cache_1,69.18,1004MiB 
2024-07-01 15:58:04,docker_detector_1,687.73,1020MiB 
2024-07-01 15:58:04,docker_combiner_1,0.28,69.41MiB 
2024-07-01 15:58:04,docker_extractor_1,0.38,94.93MiB 
2024-07-01 15:58:04,docker_minion_1,0.20,26.72MiB 
2024-07-01 15:58:04,docker_controller_1,0.32,26.09MiB 
2024-07-01 15:58:04,docker_pgbouncer_1,0.02,1.316MiB 
2024-07-01 15:58:04,docker_postgres_1,1.04,35.89MiB 
2024-07-01 15:58:04,docker_cache_1,0.64,965.4MiB 
2024-07-01 15:58:16,docker_detector_1,706.15,1020MiB 
2024-07-01 15:58:16,docker_combiner_1,0.28,66.88MiB 
2024-07-01 15:58:16,docker_extractor_1,0.41,97.33MiB 
2024-07-01 15:58:16,docker_minion_1,0.23,26.73MiB 
2024-07-01 15:58:16,docker_controller_1,0.38,26.08MiB 
2024-07-01 15:58:16,docker_pgbouncer_1,0.03,1.316MiB 
2024-07-01 15:58:16,docker_postgres_1,0.00,35.8MiB 
2024-07-01 15:58:16,docker_cache_1,0.23,980.2MiB 
2024-07-01 15:58:29,docker_detector_1,533.92,1.066GiB 
2024-07-01 15:58:29,docker_combiner_1,0.23,66.88MiB 
2024-07-01 15:58:29,docker_extractor_1,0.38,97.33MiB 
2024-07-01 15:58:29,docker_minion_1,0.41,26.73MiB 
2024-07-01 15:58:29,docker_controller_1,0.33,26.08MiB 
2024-07-01 15:58:29,docker_pgbouncer_1,0.02,1.316MiB 
2024-07-01 15:58:29,docker_postgres_1,0.02,35.8MiB 
2024-07-01 15:58:29,docker_cache_1,70.78,996.3MiB 
2024-07-01 15:58:42,docker_detector_1,795.74,1.025GiB 
2024-07-01 15:58:42,docker_combiner_1,0.40,66.88MiB 
2024-07-01 15:58:42,docker_extractor_1,0.57,97.33MiB 
2024-07-01 15:58:42,docker_minion_1,0.38,26.73MiB 
2024-07-01 15:58:42,docker_controller_1,0.51,26.08MiB 
2024-07-01 15:58:42,docker_pgbouncer_1,0.03,1.316MiB 
2024-07-01 15:58:42,docker_postgres_1,0.01,35.8MiB 
2024-07-01 15:58:42,docker_cache_1,0.28,963.2MiB 
2024-07-01 15:58:54,docker_detector_1,313.99,1.025GiB 
2024-07-01 15:58:54,docker_combiner_1,0.20,66.87MiB 
2024-07-01 15:58:54,docker_extractor_1,0.29,97.42MiB 
2024-07-01 15:58:54,docker_minion_1,0.16,26.75MiB 
2024-07-01 15:58:54,docker_controller_1,0.27,26.09MiB 
2024-07-01 15:58:54,docker_pgbouncer_1,0.03,1.32MiB 
2024-07-01 15:58:54,docker_postgres_1,0.02,35.79MiB 
2024-07-01 15:58:54,docker_cache_1,0.34,981.1MiB 
2024-07-01 15:59:07,docker_detector_1,711.35,1.025GiB 
2024-07-01 15:59:07,docker_combiner_1,0.22,66.87MiB 
2024-07-01 15:59:07,docker_extractor_1,0.36,97.42MiB 
2024-07-01 15:59:07,docker_minion_1,0.21,26.75MiB 
2024-07-01 15:59:07,docker_controller_1,0.34,26.09MiB 
2024-07-01 15:59:07,docker_pgbouncer_1,0.02,1.32MiB 
2024-07-01 15:59:07,docker_postgres_1,0.00,35.8MiB 
2024-07-01 15:59:07,docker_cache_1,86.66,976.8MiB 
2024-07-01 15:59:20,docker_detector_1,719.57,1.025GiB 
2024-07-01 15:59:20,docker_combiner_1,46.75,65.57MiB 
2024-07-01 15:59:20,docker_extractor_1,0.45,97.42MiB 
2024-07-01 15:59:20,docker_minion_1,6.13,26.75MiB 
2024-07-01 15:59:20,docker_controller_1,3.81,26.09MiB 
2024-07-01 15:59:20,docker_pgbouncer_1,1.97,1.316MiB 
2024-07-01 15:59:20,docker_postgres_1,1.54,35.79MiB 
2024-07-01 15:59:20,docker_cache_1,12.39,963.7MiB 
2024-07-01 15:59:32,docker_detector_1,356.08,1.036GiB 
2024-07-01 15:59:32,docker_combiner_1,0.25,69.49MiB 
2024-07-01 15:59:32,docker_extractor_1,0.39,97.38MiB 
2024-07-01 15:59:32,docker_minion_1,0.18,26.75MiB 
2024-07-01 15:59:32,docker_controller_1,0.33,26.09MiB 
2024-07-01 15:59:32,docker_pgbouncer_1,0.02,1.32MiB 
2024-07-01 15:59:32,docker_postgres_1,0.06,35.8MiB 
2024-07-01 15:59:32,docker_cache_1,0.33,980.9MiB 
2024-07-01 15:59:45,docker_detector_1,719.32,1.036GiB 
2024-07-01 15:59:45,docker_combiner_1,0.27,69.49MiB 
2024-07-01 15:59:45,docker_extractor_1,0.39,97.38MiB 
2024-07-01 15:59:45,docker_minion_1,0.15,26.75MiB 
2024-07-01 15:59:45,docker_controller_1,0.40,26.09MiB 
2024-07-01 15:59:45,docker_pgbouncer_1,0.03,1.32MiB 
2024-07-01 15:59:45,docker_postgres_1,0.00,35.8MiB 
2024-07-01 15:59:45,docker_cache_1,71.84,973.6MiB 
2024-07-01 15:59:58,docker_detector_1,706.31,1.036GiB 
2024-07-01 15:59:58,docker_combiner_1,0.35,66.95MiB 
2024-07-01 15:59:58,docker_extractor_1,0.47,97.39MiB 
2024-07-01 15:59:58,docker_minion_1,0.19,26.77MiB 
2024-07-01 15:59:58,docker_controller_1,0.49,26.09MiB 
2024-07-01 15:59:58,docker_pgbouncer_1,0.06,1.32MiB 
2024-07-01 15:59:58,docker_postgres_1,0.03,35.79MiB 
2024-07-01 15:59:58,docker_cache_1,84.40,1001MiB 
2024-07-01 16:00:10,docker_detector_1,409.57,1020MiB 
2024-07-01 16:00:10,docker_combiner_1,0.22,66.95MiB 
2024-07-01 16:00:10,docker_extractor_1,0.30,97.39MiB 
2024-07-01 16:00:10,docker_minion_1,0.16,26.77MiB 
2024-07-01 16:00:10,docker_controller_1,0.32,26.09MiB 
2024-07-01 16:00:10,docker_pgbouncer_1,0.02,1.32MiB 
2024-07-01 16:00:10,docker_postgres_1,0.00,35.8MiB 
2024-07-01 16:00:10,docker_cache_1,0.50,963.9MiB 
2024-07-01 16:00:23,docker_detector_1,661.89,1020MiB 
2024-07-01 16:00:23,docker_combiner_1,0.29,66.94MiB 
2024-07-01 16:00:23,docker_extractor_1,0.41,97.38MiB 
2024-07-01 16:00:23,docker_minion_1,0.21,26.78MiB 
2024-07-01 16:00:23,docker_controller_1,0.39,26.11MiB 
2024-07-01 16:00:23,docker_pgbouncer_1,0.02,1.316MiB 
2024-07-01 16:00:23,docker_postgres_1,0.03,35.79MiB 
2024-07-01 16:00:23,docker_cache_1,42.67,978.2MiB 
2024-07-01 16:00:36,docker_detector_1,680.72,1.059GiB 
2024-07-01 16:00:36,docker_combiner_1,0.30,66.93MiB 
2024-07-01 16:00:36,docker_extractor_1,0.53,97.38MiB 
2024-07-01 16:00:36,docker_minion_1,0.20,26.78MiB 
2024-07-01 16:00:36,docker_controller_1,0.42,26.09MiB 
2024-07-01 16:00:36,docker_pgbouncer_1,0.02,1.316MiB 
2024-07-01 16:00:36,docker_postgres_1,0.02,35.79MiB 
2024-07-01 16:00:36,docker_cache_1,88.65,985.9MiB 
2024-07-01 16:00:48,docker_detector_1,325.12,1.025GiB 
2024-07-01 16:00:48,docker_combiner_1,0.20,66.93MiB 
2024-07-01 16:00:48,docker_extractor_1,0.32,97.38MiB 
2024-07-01 16:00:48,docker_minion_1,0.28,26.78MiB 
2024-07-01 16:00:48,docker_controller_1,0.27,26.09MiB 
2024-07-01 16:00:48,docker_pgbouncer_1,0.02,1.316MiB 
2024-07-01 16:00:48,docker_postgres_1,0.00,35.8MiB 
2024-07-01 16:00:48,docker_cache_1,0.27,956.9MiB 
2024-07-01 16:01:01,docker_detector_1,275.53,1.025GiB 
2024-07-01 16:01:01,docker_combiner_1,0.22,66.92MiB 
2024-07-01 16:01:01,docker_extractor_1,0.43,97.9MiB 
2024-07-01 16:01:01,docker_minion_1,0.20,26.78MiB 
2024-07-01 16:01:01,docker_controller_1,0.53,26.1MiB 
2024-07-01 16:01:01,docker_pgbouncer_1,0.02,1.316MiB 
2024-07-01 16:01:01,docker_postgres_1,0.01,35.79MiB 
2024-07-01 16:01:01,docker_cache_1,0.27,974.1MiB 
2024-07-01 16:01:14,docker_detector_1,723.92,1.025GiB 
2024-07-01 16:01:14,docker_combiner_1,0.33,66.92MiB 
2024-07-01 16:01:14,docker_extractor_1,0.44,97.9MiB 
2024-07-01 16:01:14,docker_minion_1,0.22,26.78MiB 
2024-07-01 16:01:14,docker_controller_1,0.44,26.1MiB 
2024-07-01 16:01:14,docker_pgbouncer_1,0.03,1.316MiB 
2024-07-01 16:01:14,docker_postgres_1,0.00,35.8MiB 
2024-07-01 16:01:14,docker_cache_1,64.57,967.1MiB 
2024-07-01 16:01:26,docker_detector_1,0.32,1.025GiB 
2024-07-01 16:01:26,docker_combiner_1,100.07,126.1MiB 
2024-07-01 16:01:26,docker_extractor_1,0.39,97.89MiB 
2024-07-01 16:01:26,docker_minion_1,0.21,26.79MiB 
2024-07-01 16:01:26,docker_controller_1,0.38,26.1MiB 
2024-07-01 16:01:26,docker_pgbouncer_1,0.02,1.316MiB 
2024-07-01 16:01:26,docker_postgres_1,1.75,35.8MiB 
2024-07-01 16:01:26,docker_cache_1,84.49,980MiB 
2024-07-01 16:01:39,docker_detector_1,409.70,1.038GiB 
2024-07-01 16:01:39,docker_combiner_1,0.24,77.14MiB 
2024-07-01 16:01:39,docker_extractor_1,0.33,98.82MiB 
2024-07-01 16:01:39,docker_minion_1,0.14,26.8MiB 
2024-07-01 16:01:39,docker_controller_1,0.32,26.1MiB 
2024-07-01 16:01:39,docker_pgbouncer_1,0.02,1.32MiB 
2024-07-01 16:01:39,docker_postgres_1,0.02,35.79MiB 
2024-07-01 16:01:39,docker_cache_1,0.28,971.9MiB 
2024-07-01 16:01:52,docker_detector_1,712.08,1.071GiB 
2024-07-01 16:01:52,docker_combiner_1,0.42,77.14MiB 
2024-07-01 16:01:52,docker_extractor_1,0.55,98.82MiB 
2024-07-01 16:01:52,docker_minion_1,0.29,26.8MiB 
2024-07-01 16:01:52,docker_controller_1,0.47,26.1MiB 
2024-07-01 16:01:52,docker_pgbouncer_1,0.03,1.32MiB 
2024-07-01 16:01:52,docker_postgres_1,0.00,35.8MiB 
2024-07-01 16:01:52,docker_cache_1,74.40,966MiB 
2024-07-01 16:02:04,docker_detector_1,239.14,1.038GiB 
2024-07-01 16:02:04,docker_combiner_1,0.23,77.14MiB 
2024-07-01 16:02:04,docker_extractor_1,0.36,97.38MiB 
2024-07-01 16:02:04,docker_minion_1,0.15,26.8MiB 
2024-07-01 16:02:04,docker_controller_1,0.28,26.11MiB 
2024-07-01 16:02:04,docker_pgbouncer_1,0.02,1.316MiB 
2024-07-01 16:02:04,docker_postgres_1,1.67,35.8MiB 
2024-07-01 16:02:04,docker_cache_1,82.78,973.3MiB 
2024-07-01 16:02:17,docker_detector_1,514.64,1020MiB 
2024-07-01 16:02:17,docker_combiner_1,0.28,77.14MiB 
2024-07-01 16:02:17,docker_extractor_1,0.42,97.38MiB 
2024-07-01 16:02:17,docker_minion_1,0.18,26.8MiB 
2024-07-01 16:02:17,docker_controller_1,0.30,26.11MiB 
2024-07-01 16:02:17,docker_pgbouncer_1,0.02,1.316MiB 
2024-07-01 16:02:17,docker_postgres_1,0.02,35.79MiB 
2024-07-01 16:02:17,docker_cache_1,0.32,954.9MiB 
2024-07-01 16:02:30,docker_detector_1,793.65,1.025GiB 
2024-07-01 16:02:30,docker_combiner_1,0.33,66.9MiB 
2024-07-01 16:02:30,docker_extractor_1,0.47,97.41MiB 
2024-07-01 16:02:30,docker_minion_1,0.21,26.8MiB 
2024-07-01 16:02:30,docker_controller_1,0.49,26.11MiB 
2024-07-01 16:02:30,docker_pgbouncer_1,0.02,1.32MiB 
2024-07-01 16:02:30,docker_postgres_1,0.00,35.8MiB 
2024-07-01 16:02:30,docker_cache_1,0.27,972MiB 
2024-07-01 16:02:42,docker_detector_1,718.95,1.025GiB 
2024-07-01 16:02:42,docker_combiner_1,0.28,66.9MiB 
2024-07-01 16:02:42,docker_extractor_1,0.46,97.41MiB 
2024-07-01 16:02:42,docker_minion_1,0.21,26.8MiB 
2024-07-01 16:02:42,docker_controller_1,0.42,26.1MiB 
2024-07-01 16:02:42,docker_pgbouncer_1,0.02,1.32MiB 
2024-07-01 16:02:42,docker_postgres_1,0.02,35.79MiB 
2024-07-01 16:02:42,docker_cache_1,70.83,986.3MiB 
2024-07-01 16:02:55,docker_detector_1,364.43,1.025GiB 
2024-07-01 16:02:55,docker_combiner_1,0.34,66.9MiB 
2024-07-01 16:02:55,docker_extractor_1,0.30,97.41MiB 
2024-07-01 16:02:55,docker_minion_1,0.15,26.8MiB 
2024-07-01 16:02:55,docker_controller_1,0.31,26.1MiB 
2024-07-01 16:02:55,docker_pgbouncer_1,0.02,1.32MiB 
2024-07-01 16:02:55,docker_postgres_1,0.00,35.8MiB 
2024-07-01 16:02:55,docker_cache_1,0.28,954.9MiB 
2024-07-01 16:03:08,docker_detector_1,487.39,1.025GiB 
2024-07-01 16:03:08,docker_combiner_1,0.25,69.41MiB 
2024-07-01 16:03:08,docker_extractor_1,0.35,97.55MiB 
2024-07-01 16:03:08,docker_minion_1,0.17,26.83MiB 
2024-07-01 16:03:08,docker_controller_1,0.34,26.11MiB 
2024-07-01 16:03:08,docker_pgbouncer_1,0.02,1.316MiB 
2024-07-01 16:03:08,docker_postgres_1,0.02,35.8MiB 
2024-07-01 16:03:08,docker_cache_1,0.30,972.3MiB 
2024-07-01 16:03:20,docker_detector_1,698.54,1.025GiB 
2024-07-01 16:03:20,docker_combiner_1,0.36,69.41MiB 
2024-07-01 16:03:20,docker_extractor_1,0.65,97.55MiB 
2024-07-01 16:03:20,docker_minion_1,0.21,26.83MiB 
2024-07-01 16:03:20,docker_controller_1,0.44,26.11MiB 
2024-07-01 16:03:20,docker_pgbouncer_1,0.02,1.316MiB 
2024-07-01 16:03:20,docker_postgres_1,0.00,35.79MiB 
2024-07-01 16:03:20,docker_cache_1,92.83,966MiB 
2024-07-01 16:03:33,docker_detector_1,0.33,1.025GiB 
2024-07-01 16:03:33,docker_combiner_1,100.35,144.8MiB 
2024-07-01 16:03:33,docker_extractor_1,20.78,101.2MiB 
2024-07-01 16:03:33,docker_minion_1,5.69,26.84MiB 
2024-07-01 16:03:33,docker_controller_1,4.13,26.1MiB 
2024-07-01 16:03:33,docker_pgbouncer_1,2.01,1.32MiB 
2024-07-01 16:03:33,docker_postgres_1,1.57,35.8MiB 
2024-07-01 16:03:33,docker_cache_1,73.02,995.8MiB 
2024-07-01 16:03:46,docker_detector_1,793.87,1.069GiB 
2024-07-01 16:03:46,docker_combiner_1,0.42,74.97MiB 
2024-07-01 16:03:46,docker_extractor_1,0.50,95.36MiB 
2024-07-01 16:03:46,docker_minion_1,0.27,26.84MiB 
2024-07-01 16:03:46,docker_controller_1,0.50,26.1MiB 
2024-07-01 16:03:46,docker_pgbouncer_1,0.01,1.316MiB 
2024-07-01 16:03:46,docker_postgres_1,0.03,35.8MiB 
2024-07-01 16:03:46,docker_cache_1,0.26,975MiB 
2024-07-01 16:03:58,docker_detector_1,256.00,1.036GiB 
2024-07-01 16:03:58,docker_combiner_1,54.62,86.97MiB 
2024-07-01 16:03:58,docker_extractor_1,0.38,95.36MiB 
2024-07-01 16:03:58,docker_minion_1,5.78,26.84MiB 
2024-07-01 16:03:58,docker_controller_1,3.98,26.11MiB 
2024-07-01 16:03:58,docker_pgbouncer_1,2.12,1.32MiB 
2024-07-01 16:03:58,docker_postgres_1,1.51,35.8MiB 
2024-07-01 16:03:58,docker_cache_1,89.34,962.2MiB 
2024-07-01 16:04:11,docker_detector_1,719.48,1.036GiB 
2024-07-01 16:04:11,docker_combiner_1,0.26,71.19MiB 
2024-07-01 16:04:11,docker_extractor_1,0.42,95.17MiB 
2024-07-01 16:04:11,docker_minion_1,0.22,26.84MiB 
2024-07-01 16:04:11,docker_controller_1,0.39,26.1MiB 
2024-07-01 16:04:11,docker_pgbouncer_1,0.02,1.316MiB 
2024-07-01 16:04:11,docker_postgres_1,0.03,35.92MiB 
2024-07-01 16:04:11,docker_cache_1,71.45,973.1MiB 
2024-07-01 16:04:24,docker_detector_1,790.60,1.036GiB 
2024-07-01 16:04:24,docker_combiner_1,0.44,71.19MiB 
2024-07-01 16:04:24,docker_extractor_1,0.66,95.17MiB 
2024-07-01 16:04:24,docker_minion_1,0.23,26.84MiB 
2024-07-01 16:04:24,docker_controller_1,0.60,26.1MiB 
2024-07-01 16:04:24,docker_pgbouncer_1,0.03,1.316MiB 
2024-07-01 16:04:24,docker_postgres_1,1.14,35.87MiB 
2024-07-01 16:04:24,docker_cache_1,0.34,952.5MiB 
2024-07-01 16:04:36,docker_detector_1,788.70,1.036GiB 
2024-07-01 16:04:36,docker_combiner_1,0.44,70.36MiB 
2024-07-01 16:04:36,docker_extractor_1,0.61,99.14MiB 
2024-07-01 16:04:36,docker_minion_1,0.28,26.85MiB 
2024-07-01 16:04:36,docker_controller_1,0.56,26.1MiB 
2024-07-01 16:04:36,docker_pgbouncer_1,0.04,1.316MiB 
2024-07-01 16:04:36,docker_postgres_1,0.03,35.79MiB 
2024-07-01 16:04:36,docker_cache_1,0.38,972.6MiB 
2024-07-01 16:04:49,docker_detector_1,710.01,1.036GiB 
2024-07-01 16:04:49,docker_combiner_1,0.34,70.36MiB 
2024-07-01 16:04:49,docker_extractor_1,0.63,99.14MiB 
2024-07-01 16:04:49,docker_minion_1,0.23,26.85MiB 
2024-07-01 16:04:49,docker_controller_1,0.52,26.1MiB 
2024-07-01 16:04:49,docker_pgbouncer_1,0.02,1.316MiB 
2024-07-01 16:04:49,docker_postgres_1,0.03,35.8MiB 
2024-07-01 16:04:49,docker_cache_1,83.38,986.7MiB 
2024-07-01 16:05:02,docker_detector_1,791.86,1.036GiB 
2024-07-01 16:05:02,docker_combiner_1,0.30,70.36MiB 
2024-07-01 16:05:02,docker_extractor_1,0.53,99.14MiB 
2024-07-01 16:05:02,docker_minion_1,0.21,26.85MiB 
2024-07-01 16:05:02,docker_controller_1,0.48,26.1MiB 
2024-07-01 16:05:02,docker_pgbouncer_1,0.03,1.316MiB 
2024-07-01 16:05:02,docker_postgres_1,0.00,35.8MiB 
2024-07-01 16:05:02,docker_cache_1,0.28,951MiB 
2024-07-01 16:05:14,docker_detector_1,796.56,1.036GiB 
2024-07-01 16:05:14,docker_combiner_1,0.33,58.21MiB 
2024-07-01 16:05:14,docker_extractor_1,0.55,95.83MiB 
2024-07-01 16:05:14,docker_minion_1,0.23,26.86MiB 
2024-07-01 16:05:14,docker_controller_1,0.51,26.11MiB 
2024-07-01 16:05:14,docker_pgbouncer_1,0.04,1.32MiB 
2024-07-01 16:05:14,docker_postgres_1,0.04,35.79MiB 
2024-07-01 16:05:14,docker_cache_1,0.28,970.5MiB 
2024-07-01 16:05:27,docker_detector_1,719.73,1.036GiB 
2024-07-01 16:05:27,docker_combiner_1,0.44,58.21MiB 
2024-07-01 16:05:27,docker_extractor_1,0.52,95.83MiB 
2024-07-01 16:05:27,docker_minion_1,0.26,26.86MiB 
2024-07-01 16:05:27,docker_controller_1,0.53,26.11MiB 
2024-07-01 16:05:27,docker_pgbouncer_1,0.03,1.32MiB 
2024-07-01 16:05:27,docker_postgres_1,0.00,35.8MiB 
2024-07-01 16:05:27,docker_cache_1,70.21,958.3MiB 
2024-07-01 16:05:40,docker_detector_1,0.28,1.036GiB 
2024-07-01 16:05:40,docker_combiner_1,0.45,73.3MiB 
2024-07-01 16:05:40,docker_extractor_1,52.91,95.43MiB 
2024-07-01 16:05:40,docker_minion_1,4.94,26.91MiB 
2024-07-01 16:05:40,docker_controller_1,6.47,26.11MiB 
2024-07-01 16:05:40,docker_pgbouncer_1,1.25,1.336MiB 
2024-07-01 16:05:40,docker_postgres_1,2.45,35.79MiB 
2024-07-01 16:05:40,docker_cache_1,73.13,986.6MiB 
2024-07-01 16:05:52,docker_detector_1,793.64,1.036GiB 
2024-07-01 16:05:52,docker_combiner_1,0.35,73.3MiB 
2024-07-01 16:05:52,docker_extractor_1,0.63,95.43MiB 
2024-07-01 16:05:52,docker_minion_1,0.24,26.87MiB 
2024-07-01 16:05:52,docker_controller_1,0.55,26.11MiB 
2024-07-01 16:05:52,docker_pgbouncer_1,0.04,1.32MiB 
2024-07-01 16:05:52,docker_postgres_1,0.00,35.8MiB 
2024-07-01 16:05:52,docker_cache_1,0.30,973.4MiB 
2024-07-01 16:06:05,docker_detector_1,20.60,1.036GiB 
2024-07-01 16:06:05,docker_combiner_1,87.52,71.57MiB 
2024-07-01 16:06:05,docker_extractor_1,0.42,95.43MiB 
2024-07-01 16:06:05,docker_minion_1,3.22,26.87MiB 
2024-07-01 16:06:05,docker_controller_1,2.74,26.11MiB 
2024-07-01 16:06:05,docker_pgbouncer_1,1.36,1.324MiB 
2024-07-01 16:06:05,docker_postgres_1,1.07,35.8MiB 
2024-07-01 16:06:05,docker_cache_1,82.55,959.7MiB 
2024-07-01 16:06:18,docker_detector_1,723.88,1.036GiB 
2024-07-01 16:06:18,docker_combiner_1,0.28,71.3MiB 
2024-07-01 16:06:18,docker_extractor_1,0.47,98.32MiB 
2024-07-01 16:06:18,docker_minion_1,0.22,26.88MiB 
2024-07-01 16:06:18,docker_controller_1,0.37,26.11MiB 
2024-07-01 16:06:18,docker_pgbouncer_1,0.03,1.32MiB 
2024-07-01 16:06:18,docker_postgres_1,0.03,35.8MiB 
2024-07-01 16:06:18,docker_cache_1,71.70,971.6MiB 
2024-07-01 16:06:30,docker_detector_1,792.78,1.018GiB 
2024-07-01 16:06:30,docker_combiner_1,0.41,71.3MiB 
2024-07-01 16:06:30,docker_extractor_1,0.63,98.32MiB 
2024-07-01 16:06:30,docker_minion_1,0.32,26.88MiB 
2024-07-01 16:06:30,docker_controller_1,0.63,26.11MiB 
2024-07-01 16:06:30,docker_pgbouncer_1,0.02,1.32MiB 
2024-07-01 16:06:30,docker_postgres_1,0.00,35.8MiB 
2024-07-01 16:06:30,docker_cache_1,0.34,950.5MiB 
2024-07-01 16:06:43,docker_detector_1,790.52,1.03GiB 
2024-07-01 16:06:43,docker_combiner_1,0.46,74.36MiB 
2024-07-01 16:06:43,docker_extractor_1,0.64,95.24MiB 
2024-07-01 16:06:43,docker_minion_1,0.26,26.89MiB 
2024-07-01 16:06:43,docker_controller_1,0.56,26.11MiB 
2024-07-01 16:06:43,docker_pgbouncer_1,0.03,1.316MiB 
2024-07-01 16:06:43,docker_postgres_1,0.03,35.8MiB 
2024-07-01 16:06:43,docker_cache_1,0.36,970.7MiB 
2024-07-01 16:06:56,docker_detector_1,724.88,1.028GiB 
2024-07-01 16:06:56,docker_combiner_1,0.54,74.36MiB 
2024-07-01 16:06:56,docker_extractor_1,0.55,95.24MiB 
2024-07-01 16:06:56,docker_minion_1,0.24,26.89MiB 
2024-07-01 16:06:56,docker_controller_1,0.46,26.11MiB 
2024-07-01 16:06:56,docker_pgbouncer_1,0.03,1.316MiB 
2024-07-01 16:06:56,docker_postgres_1,0.00,35.8MiB 
2024-07-01 16:06:56,docker_cache_1,71.20,986.2MiB 
2024-07-01 16:07:08,docker_detector_1,790.00,1.027GiB 
2024-07-01 16:07:08,docker_combiner_1,0.43,74.36MiB 
2024-07-01 16:07:08,docker_extractor_1,0.66,95.24MiB 
2024-07-01 16:07:08,docker_minion_1,0.29,26.88MiB 
2024-07-01 16:07:08,docker_controller_1,0.57,26.11MiB 
2024-07-01 16:07:08,docker_pgbouncer_1,0.03,1.316MiB 
2024-07-01 16:07:08,docker_postgres_1,0.00,35.8MiB 
2024-07-01 16:07:08,docker_cache_1,0.33,950.9MiB 
2024-07-01 16:07:21,docker_detector_1,783.92,1.027GiB 
2024-07-01 16:07:21,docker_combiner_1,0.46,70.5MiB 
2024-07-01 16:07:21,docker_extractor_1,0.70,95.1MiB 
2024-07-01 16:07:21,docker_minion_1,0.23,26.9MiB 
2024-07-01 16:07:21,docker_controller_1,0.52,26.11MiB 
2024-07-01 16:07:21,docker_pgbouncer_1,0.03,1.316MiB 
2024-07-01 16:07:21,docker_postgres_1,0.03,35.8MiB 
2024-07-01 16:07:21,docker_cache_1,0.35,970.5MiB 
2024-07-01 16:07:34,docker_detector_1,705.77,1.027GiB 
2024-07-01 16:07:34,docker_combiner_1,0.33,70.5MiB 
2024-07-01 16:07:34,docker_extractor_1,0.52,95.1MiB 
2024-07-01 16:07:34,docker_minion_1,0.22,26.9MiB 
2024-07-01 16:07:34,docker_controller_1,0.56,26.11MiB 
2024-07-01 16:07:34,docker_pgbouncer_1,0.02,1.316MiB 
2024-07-01 16:07:34,docker_postgres_1,0.03,35.8MiB 
2024-07-01 16:07:34,docker_cache_1,79.51,963.7MiB 
2024-07-01 16:07:46,docker_detector_1,66.67,1.027GiB 
2024-07-01 16:07:46,docker_combiner_1,0.30,69.86MiB 
2024-07-01 16:07:46,docker_extractor_1,24.69,95.08MiB 
2024-07-01 16:07:46,docker_minion_1,5.90,26.92MiB 
2024-07-01 16:07:46,docker_controller_1,4.25,26.11MiB 
2024-07-01 16:07:46,docker_pgbouncer_1,2.28,1.316MiB 
2024-07-01 16:07:46,docker_postgres_1,1.48,35.81MiB 
2024-07-01 16:07:46,docker_cache_1,71.75,990.4MiB 
2024-07-01 16:07:59,docker_detector_1,796.89,1.05GiB 
2024-07-01 16:07:59,docker_combiner_1,0.47,69.86MiB 
2024-07-01 16:07:59,docker_extractor_1,0.60,95.08MiB 
2024-07-01 16:07:59,docker_minion_1,0.27,26.92MiB 
2024-07-01 16:07:59,docker_controller_1,0.57,26.11MiB 
2024-07-01 16:07:59,docker_pgbouncer_1,0.05,1.316MiB 
2024-07-01 16:07:59,docker_postgres_1,0.02,35.8MiB 
2024-07-01 16:07:59,docker_cache_1,0.31,967.7MiB 
2024-07-01 16:08:12,docker_detector_1,0.27,1.05GiB 
2024-07-01 16:08:12,docker_combiner_1,100.34,82.56MiB 
2024-07-01 16:08:12,docker_extractor_1,0.37,95.08MiB 
2024-07-01 16:08:12,docker_minion_1,0.18,26.92MiB 
2024-07-01 16:08:12,docker_controller_1,0.30,26.11MiB 
2024-07-01 16:08:12,docker_pgbouncer_1,0.02,1.32MiB 
2024-07-01 16:08:12,docker_postgres_1,0.02,35.8MiB 
2024-07-01 16:08:12,docker_cache_1,70.01,962.6MiB 
2024-07-01 16:08:24,docker_detector_1,714.96,1.066GiB 
2024-07-01 16:08:24,docker_combiner_1,0.29,69.79MiB 
2024-07-01 16:08:24,docker_extractor_1,0.46,95.07MiB 
2024-07-01 16:08:24,docker_minion_1,0.20,26.92MiB 
2024-07-01 16:08:24,docker_controller_1,0.41,26.11MiB 
2024-07-01 16:08:24,docker_pgbouncer_1,0.02,1.316MiB 
2024-07-01 16:08:24,docker_postgres_1,1.05,35.8MiB 
2024-07-01 16:08:24,docker_cache_1,85.41,967.6MiB 
2024-07-01 16:08:37,docker_detector_1,790.12,1.05GiB 
2024-07-01 16:08:37,docker_combiner_1,0.43,69.79MiB 
2024-07-01 16:08:37,docker_extractor_1,0.69,95.07MiB 
2024-07-01 16:08:37,docker_minion_1,0.30,26.92MiB 
2024-07-01 16:08:37,docker_controller_1,0.52,26.11MiB 
2024-07-01 16:08:37,docker_pgbouncer_1,0.03,1.316MiB 
2024-07-01 16:08:37,docker_postgres_1,0.03,35.8MiB 
2024-07-01 16:08:37,docker_cache_1,0.37,945.9MiB 
2024-07-01 16:08:50,docker_detector_1,709.46,1.05GiB 
2024-07-01 16:08:50,docker_combiner_1,0.38,69.74MiB 
2024-07-01 16:08:50,docker_extractor_1,0.56,95.05MiB 
2024-07-01 16:08:50,docker_minion_1,0.23,26.93MiB 
2024-07-01 16:08:50,docker_controller_1,0.50,26.11MiB 
2024-07-01 16:08:50,docker_pgbouncer_1,0.02,1.316MiB 
2024-07-01 16:08:50,docker_postgres_1,0.00,35.8MiB 
2024-07-01 16:08:50,docker_cache_1,0.36,963.7MiB 
2024-07-01 16:09:02,docker_detector_1,725.00,1.039GiB 
2024-07-01 16:09:02,docker_combiner_1,0.31,69.74MiB 
2024-07-01 16:09:02,docker_extractor_1,0.57,95.05MiB 
2024-07-01 16:09:02,docker_minion_1,0.22,26.93MiB 
2024-07-01 16:09:02,docker_controller_1,0.50,26.11MiB 
2024-07-01 16:09:02,docker_pgbouncer_1,0.03,1.316MiB 
2024-07-01 16:09:02,docker_postgres_1,0.03,35.8MiB 
2024-07-01 16:09:02,docker_cache_1,71.13,976.8MiB 
2024-07-01 16:09:15,docker_detector_1,791.47,1.038GiB 
2024-07-01 16:09:15,docker_combiner_1,0.53,69.74MiB 
2024-07-01 16:09:15,docker_extractor_1,0.62,95.05MiB 
2024-07-01 16:09:15,docker_minion_1,0.26,26.93MiB 
2024-07-01 16:09:15,docker_controller_1,0.55,26.1MiB 
2024-07-01 16:09:15,docker_pgbouncer_1,0.02,1.316MiB 
2024-07-01 16:09:15,docker_postgres_1,0.01,35.8MiB 
2024-07-01 16:09:15,docker_cache_1,0.38,946.1MiB 
2024-07-01 16:09:28,docker_detector_1,789.21,1.038GiB 
2024-07-01 16:09:28,docker_combiner_1,0.44,69.68MiB 
2024-07-01 16:09:28,docker_extractor_1,0.65,95.18MiB 
2024-07-01 16:09:28,docker_minion_1,0.31,26.94MiB 
2024-07-01 16:09:28,docker_controller_1,0.52,26.12MiB 
2024-07-01 16:09:28,docker_pgbouncer_1,0.03,1.316MiB 
2024-07-01 16:09:28,docker_postgres_1,0.03,35.8MiB 
2024-07-01 16:09:28,docker_cache_1,0.31,963.9MiB 
2024-07-01 16:09:40,docker_detector_1,726.31,1.038GiB 
2024-07-01 16:09:40,docker_combiner_1,0.39,69.68MiB 
2024-07-01 16:09:40,docker_extractor_1,0.58,95.18MiB 
2024-07-01 16:09:40,docker_minion_1,0.21,26.94MiB 
2024-07-01 16:09:40,docker_controller_1,0.57,26.12MiB 
2024-07-01 16:09:40,docker_pgbouncer_1,0.03,1.316MiB 
2024-07-01 16:09:40,docker_postgres_1,0.00,35.8MiB 
2024-07-01 16:09:40,docker_cache_1,70.58,958.2MiB 
2024-07-01 16:09:53,docker_detector_1,40.46,1.093GiB 
2024-07-01 16:09:53,docker_combiner_1,0.26,69.64MiB 
2024-07-01 16:09:53,docker_extractor_1,0.39,101.5MiB 
2024-07-01 16:09:53,docker_minion_1,0.19,26.96MiB 
2024-07-01 16:09:53,docker_controller_1,0.50,26.12MiB 
2024-07-01 16:09:53,docker_pgbouncer_1,0.02,1.316MiB 
2024-07-01 16:09:53,docker_postgres_1,0.02,35.8MiB 
2024-07-01 16:09:53,docker_cache_1,70.88,986.8MiB 
2024-07-01 16:10:06,docker_detector_1,789.65,1.055GiB 
2024-07-01 16:10:06,docker_combiner_1,0.34,69.64MiB 
2024-07-01 16:10:06,docker_extractor_1,0.59,101.5MiB 
2024-07-01 16:10:06,docker_minion_1,0.27,26.96MiB 
2024-07-01 16:10:06,docker_controller_1,0.56,26.12MiB 
2024-07-01 16:10:06,docker_pgbouncer_1,0.02,1.316MiB 
2024-07-01 16:10:06,docker_postgres_1,0.02,35.8MiB 
2024-07-01 16:10:06,docker_cache_1,0.35,961.4MiB 
2024-07-01 16:10:18,docker_detector_1,0.28,1.05GiB 
2024-07-01 16:10:18,docker_combiner_1,100.10,117.4MiB 
2024-07-01 16:10:18,docker_extractor_1,0.40,101.5MiB 
2024-07-01 16:10:18,docker_minion_1,0.16,26.96MiB 
2024-07-01 16:10:18,docker_controller_1,0.36,26.11MiB 
2024-07-01 16:10:18,docker_pgbouncer_1,0.02,1.316MiB 
2024-07-01 16:10:18,docker_postgres_1,0.02,35.8MiB 
2024-07-01 16:10:18,docker_cache_1,74.58,964.6MiB 
2024-07-01 16:10:31,docker_detector_1,720.54,1.05GiB 
2024-07-01 16:10:31,docker_combiner_1,0.38,69.61MiB 
2024-07-01 16:10:31,docker_extractor_1,0.56,97.52MiB 
2024-07-01 16:10:31,docker_minion_1,0.22,26.97MiB 
2024-07-01 16:10:31,docker_controller_1,0.51,26.11MiB 
2024-07-01 16:10:31,docker_pgbouncer_1,0.02,1.32MiB 
2024-07-01 16:10:31,docker_postgres_1,0.00,35.8MiB 
2024-07-01 16:10:31,docker_cache_1,85.54,964.3MiB 
2024-07-01 16:10:44,docker_detector_1,535.53,1.016GiB 
2024-07-01 16:10:44,docker_combiner_1,0.36,69.61MiB 
2024-07-01 16:10:44,docker_extractor_1,0.54,97.52MiB 
2024-07-01 16:10:44,docker_minion_1,0.17,26.97MiB 
2024-07-01 16:10:44,docker_controller_1,0.46,26.11MiB 
2024-07-01 16:10:44,docker_pgbouncer_1,0.03,1.32MiB 
2024-07-01 16:10:44,docker_postgres_1,1.07,35.8MiB 
2024-07-01 16:10:44,docker_cache_1,0.34,945.2MiB 
2024-07-01 16:10:56,docker_detector_1,793.15,1.045GiB 
2024-07-01 16:10:56,docker_combiner_1,0.28,69.55MiB 
2024-07-01 16:10:56,docker_extractor_1,0.40,97.73MiB 
2024-07-01 16:10:56,docker_minion_1,0.20,26.98MiB 
2024-07-01 16:10:56,docker_controller_1,0.38,26.11MiB 
2024-07-01 16:10:56,docker_pgbouncer_1,0.02,1.316MiB 
2024-07-01 16:10:56,docker_postgres_1,0.06,35.8MiB 
2024-07-01 16:10:56,docker_cache_1,94.18,970.3MiB 
2024-07-01 16:11:09,docker_detector_1,723.07,1.04GiB 
2024-07-01 16:11:09,docker_combiner_1,0.40,69.55MiB 
2024-07-01 16:11:09,docker_extractor_1,0.59,97.73MiB 
2024-07-01 16:11:09,docker_minion_1,0.25,26.98MiB 
2024-07-01 16:11:09,docker_controller_1,0.44,26.11MiB 
2024-07-01 16:11:09,docker_pgbouncer_1,0.03,1.316MiB 
2024-07-01 16:11:09,docker_postgres_1,0.00,35.8MiB 
2024-07-01 16:11:09,docker_cache_1,72.26,962.4MiB 
2024-07-01 16:11:22,docker_detector_1,660.19,1.04GiB 
2024-07-01 16:11:22,docker_combiner_1,17.03,104.2MiB 
2024-07-01 16:11:22,docker_extractor_1,0.60,97.73MiB 
2024-07-01 16:11:22,docker_minion_1,5.62,26.98MiB 
2024-07-01 16:11:22,docker_controller_1,4.11,26.25MiB 
2024-07-01 16:11:22,docker_pgbouncer_1,2.14,1.32MiB 
2024-07-01 16:11:22,docker_postgres_1,1.48,35.81MiB 
2024-07-01 16:11:22,docker_cache_1,0.41,945MiB 
2024-07-01 16:11:34,docker_detector_1,794.84,1.04GiB 
2024-07-01 16:11:34,docker_combiner_1,0.38,72.54MiB 
2024-07-01 16:11:34,docker_extractor_1,0.60,98.02MiB 
2024-07-01 16:11:34,docker_minion_1,0.21,26.98MiB 
2024-07-01 16:11:34,docker_controller_1,0.42,26.12MiB 
2024-07-01 16:11:34,docker_pgbouncer_1,0.03,1.316MiB 
2024-07-01 16:11:34,docker_postgres_1,0.04,35.8MiB 
2024-07-01 16:11:34,docker_cache_1,0.33,963MiB 
2024-07-01 16:11:47,docker_detector_1,515.14,1.093GiB 
2024-07-01 16:11:47,docker_combiner_1,0.30,72.54MiB 
2024-07-01 16:11:47,docker_extractor_1,0.41,98.02MiB 
2024-07-01 16:11:47,docker_minion_1,0.25,26.98MiB 
2024-07-01 16:11:47,docker_controller_1,0.40,26.12MiB 
2024-07-01 16:11:47,docker_pgbouncer_1,0.03,1.316MiB 
2024-07-01 16:11:47,docker_postgres_1,0.01,35.8MiB 
2024-07-01 16:11:47,docker_cache_1,70.86,959.4MiB 
2024-07-01 16:12:00,docker_detector_1,703.64,1.04GiB 
2024-07-01 16:12:00,docker_combiner_1,0.36,75.65MiB 
2024-07-01 16:12:00,docker_extractor_1,0.49,98.15MiB 
2024-07-01 16:12:00,docker_minion_1,0.21,27MiB 
2024-07-01 16:12:00,docker_controller_1,0.49,26.12MiB 
2024-07-01 16:12:00,docker_pgbouncer_1,0.03,1.32MiB 
2024-07-01 16:12:00,docker_postgres_1,0.04,35.8MiB 
2024-07-01 16:12:00,docker_cache_1,86.74,984.1MiB 
2024-07-01 16:12:12,docker_detector_1,625.47,1.104GiB 
2024-07-01 16:12:12,docker_combiner_1,0.36,75.65MiB 
2024-07-01 16:12:12,docker_extractor_1,0.47,98.15MiB 
2024-07-01 16:12:12,docker_minion_1,0.23,27MiB 
2024-07-01 16:12:12,docker_controller_1,0.42,26.12MiB 
2024-07-01 16:12:12,docker_pgbouncer_1,0.03,1.32MiB 
2024-07-01 16:12:12,docker_postgres_1,0.00,35.8MiB 
2024-07-01 16:12:12,docker_cache_1,0.30,960.6MiB 
2024-07-01 16:12:25,docker_detector_1,42.13,1.063GiB 
2024-07-01 16:12:25,docker_combiner_1,81.56,75.92MiB 
2024-07-01 16:12:25,docker_extractor_1,38.71,95.25MiB 
2024-07-01 16:12:25,docker_minion_1,5.75,27MiB 
2024-07-01 16:12:25,docker_controller_1,4.37,26.13MiB 
2024-07-01 16:12:25,docker_pgbouncer_1,2.09,1.316MiB 
2024-07-01 16:12:25,docker_postgres_1,1.59,35.8MiB 
2024-07-01 16:12:25,docker_cache_1,72.19,966.8MiB 
2024-07-01 16:12:38,docker_detector_1,725.63,1.051GiB 
2024-07-01 16:12:38,docker_combiner_1,0.36,75.92MiB 
2024-07-01 16:12:38,docker_extractor_1,0.52,95.25MiB 
2024-07-01 16:12:38,docker_minion_1,0.21,27MiB 
2024-07-01 16:12:38,docker_controller_1,0.43,26.11MiB 
2024-07-01 16:12:38,docker_pgbouncer_1,0.05,1.316MiB 
2024-07-01 16:12:38,docker_postgres_1,0.02,35.8MiB 
2024-07-01 16:12:38,docker_cache_1,92.33,973.3MiB 
2024-07-01 16:12:50,docker_detector_1,659.38,1.058GiB 
2024-07-01 16:12:50,docker_combiner_1,0.31,75.92MiB 
2024-07-01 16:12:50,docker_extractor_1,0.50,95.25MiB 
2024-07-01 16:12:50,docker_minion_1,0.19,27MiB 
2024-07-01 16:12:50,docker_controller_1,0.46,26.11MiB 
2024-07-01 16:12:50,docker_pgbouncer_1,0.03,1.316MiB 
2024-07-01 16:12:50,docker_postgres_1,0.00,35.8MiB 
2024-07-01 16:12:50,docker_cache_1,0.34,939.2MiB 
2024-07-01 16:13:03,docker_detector_1,348.10,1.024GiB 
2024-07-01 16:13:03,docker_combiner_1,0.29,73.04MiB 
2024-07-01 16:13:03,docker_extractor_1,0.41,95.21MiB 
2024-07-01 16:13:03,docker_minion_1,0.17,27.01MiB 
2024-07-01 16:13:03,docker_controller_1,0.33,26.12MiB 
2024-07-01 16:13:03,docker_pgbouncer_1,0.02,1.32MiB 
2024-07-01 16:13:03,docker_postgres_1,0.02,35.8MiB 
2024-07-01 16:13:03,docker_cache_1,0.34,958.5MiB 
2024-07-01 16:13:16,docker_detector_1,725.13,1.038GiB 
2024-07-01 16:13:16,docker_combiner_1,0.38,73.04MiB 
2024-07-01 16:13:16,docker_extractor_1,0.58,95.21MiB 
2024-07-01 16:13:16,docker_minion_1,0.23,27.01MiB 
2024-07-01 16:13:16,docker_controller_1,0.47,26.12MiB 
2024-07-01 16:13:16,docker_pgbouncer_1,0.03,1.32MiB 
2024-07-01 16:13:16,docker_postgres_1,0.00,35.8MiB 
2024-07-01 16:13:16,docker_cache_1,71.05,973.1MiB 
2024-07-01 16:13:28,docker_detector_1,792.68,1.071GiB 
2024-07-01 16:13:28,docker_combiner_1,0.44,73.04MiB 
2024-07-01 16:13:28,docker_extractor_1,0.60,95.2MiB 
2024-07-01 16:13:28,docker_minion_1,0.25,27MiB 
2024-07-01 16:13:28,docker_controller_1,0.52,26.11MiB 
2024-07-01 16:13:28,docker_pgbouncer_1,0.04,1.32MiB 
2024-07-01 16:13:28,docker_postgres_1,0.03,35.8MiB 
2024-07-01 16:13:28,docker_cache_1,0.34,939.5MiB 
2024-07-01 16:13:41,docker_detector_1,789.85,1.038GiB 
2024-07-01 16:13:41,docker_combiner_1,0.50,72.82MiB 
2024-07-01 16:13:41,docker_extractor_1,0.68,98MiB 
2024-07-01 16:13:41,docker_minion_1,0.26,27MiB 
2024-07-01 16:13:41,docker_controller_1,0.54,26.12MiB 
2024-07-01 16:13:41,docker_pgbouncer_1,0.04,1.316MiB 
2024-07-01 16:13:41,docker_postgres_1,0.04,35.8MiB 
2024-07-01 16:13:41,docker_cache_1,0.34,958.4MiB 
